"","LYL7","LYL8","LYL9","LYL10","LYL11","LYL12"
"ASV1",0.133847122,0.111984901,0.091302296,0.121539792,0.116467443,0.092442592
"ASV2",0.025204467,0.038927336,0.068771626,0.037747719,0.031102548,0.029411765
"ASV3",0.054852155,0.035860333,0.038455489,0,0.043724442,0.03853413
"ASV5",0.038966656,0.033186537,0.032124882,0.042938031,0.039084618,0.028586033
"ASV8",0.026423404,0.027917584,0.024496697,0.023749607,0.022805914,0.035034602
"ASV9",0.013408304,0.021154451,0.019974835,0.017065115,0.020800566,0.01529569
"ASV19",0.028821957,0.017654923,0.025007864,0.021115131,0.020721925,0.03633218
"ASV13",0.013447625,0.012818496,0.01089179,0.01380151,0.013880151,0.011796162
"ASV11",0.008650519,0.011481598,0.013604907,0.011992765,0.011127713,0.014351997
"ASV20",0.020918528,0.019188424,0.014155395,0.024260774,0.018441334,0.009790815
"ASV30",0.01671123,0.020014155,0.013683548,0.01675055,0.014391318,0.018205411
"ASV16",0.011560239,0.009948097,0.010537905,0.010419943,0.009987417,0.008847122
"ASV51",0.012936458,0.018795219,0.02036804,0.016475307,0.0145486,0.012464612
"ASV15",0.008965083,0.008453916,0.00868984,0.005740799,0.006684492,0.013919472
"ASV17",0.00798207,0.008493237,0.009318968,0.0101447,0.011481598,0.005937402
"ASV18",0.010616546,0.010380623,0.010577226,0.009240327,0.008375275,0.009279648
"ASV41",0.012936458,0.014941806,0.012425291,0.011717521,0.013998113,0.01018402
"ASV24",0.008650519,0.011560239,0.008965083,0.011167034,0.007038377,0.006959736
"ASV25",0.00581944,0.007785467,0.011127713,0.006920415,0.0072743,0.006723813
"ASV23",0.005858761,0.003027682,0.005583517,0.007510223,0.00581944,0.007431582
"ASV26",0.005740799,0.004010695,0.005898081,0.007352941,0.008650519,0.00511167
"ASV28",0.007628185,0.005898081,0.005701478,0.006251966,0.007942749,0.004757785
"ASV42",0.007038377,0.005583517,0.009712174,0.007431582,0.004797106,0.004718465
"ASV44",0.005583517,0.005033029,0.004050016,0.003538849,0.00578012,0.002988361
"ASV35",0.005308273,0.004482542,0.003814092,0.003381567,0.00436458,0.005268953
"ASV54",0.004600503,0,0.006134004,0.006723813,0.005740799,0.003499528
"ASV179",0.005426235,0.009201007,0.008375275,0.0101447,0.01093111,0.004993709
"ASV78",0.007352941,0.005740799,0.008768481,0.006055363,0.006330607,0.009790815
"ASV45",0.003892734,0.005386914,0.004875747,0.005544196,0.002870399,0.006134004
"ASV87",0.004285939,0.004797106,0.003184964,0.013211702,0.003814092,0.009751494
"ASV29",0.003420887,0.004285939,0.003774772,0.004246618,0.004285939,0.001887386
"ASV56",0.002831079,0.004561183,0.004246618,0.004993709,0.004993709,0.003932054
"ASV36",0.003499528,0.00290972,0.002280591,0.002555835,0.003460208,0.006094684
"ASV86",0.006409248,0.00578012,0.005190311,0.006330607,0.006684492,0.005662158
"ASV93",0.002634476,0.003302925,0.002555835,0.002044668,0.003224284,0.007117018
"ASV34",0.002831079,0.002870399,0.004875747,0.003853413,0.004639824,0.002870399
"ASV50",0.002988361,0.003381567,0.005033029,0.002555835,0.004207298,0.004482542
"ASV111",0.003814092,0.003381567,0.005268953,0.005229632,0.003224284,0.004010695
"ASV58",0.002319912,0.003106323,0.003932054,0.004679144,0.004167977,0.002713117
"ASV74",0.003027682,0.005937402,0.002713117,0.003892734,0.004010695,0.00361749
"ASV52",0.003460208,0.002398553,0.004797106,0.003263605,0.00436458,0.001690783
"ASV100",0.003499528,0.003067002,0.003420887,0.001218937,0.002595156,0.004010695
"ASV48",0.002123309,0.001730104,0.003696131,0.00365681,0.003696131,0.001887386
"ASV73",0.003106323,0.001533501,0.003302925,0.002555835,0.002437874,0.004915068
"ASV43",0.001572822,0.002516515,0.001730104,0.00220195,0.001966027,0.002791758
"ASV69",0.003538849,0.002241271,0.00290972,0.002083989,0.003224284,0.004679144
"ASV81",0.002555835,0.005701478,0,0.003892734,0.003067002,0.002949041
"ASV153",0.006409248,0.003460208,0.004679144,0.004639824,0.003381567,0.009004404
"ASV38",0.001966027,0.003499528,0.001926707,0.003932054,0.002044668,0.002359232
"ASV80",0.002949041,0.004285939,0.002713117,0.004010695,0.004797106,0.002752438
"ASV118",0.005229632,0.004954388,0.006212645,0.005504876,0.003696131,0.005308273
"ASV122",0.003302925,0.001376219,0.00216263,0.004167977,0.003145643,0.003106323
"ASV59",0.002673797,0.003067002,0.002949041,0.002752438,0.003460208,0.002516515
"ASV99",0.003381567,0.001730104,0.002437874,0.00436458,0.005150991,0.003420887
"ASV105",0.002673797,0.002044668,0.003302925,0.001926707,0.002634476,0.005740799
"ASV60",0.003696131,0.002634476,0.003184964,0.004050016,0,0.002949041
"ASV90",0.004050016,0,0.003696131,0,0.004089336,0.003224284
"ASV47",0.002752438,0.002634476,0.002044668,0.002988361,0.000983014,0.002752438
"ASV67",0.001769424,0.00290972,0.003853413,0.001848065,0.002870399,0.001533501
"ASV57",0.003145643,0.002398553,0.003027682,0.006016043,0.000983014,0.001100975
"ASV112",0.002044668,0.002477194,0.00220195,0.001376219,0.001218937,0.003696131
"ASV76",0.002437874,0.001297578,0.003027682,0.00220195,0.002831079,0.004679144
"ASV64",0.002516515,0.003184964,0.002988361,0.001258257,0.002359232,0.002988361
"ASV218",0.004993709,0.003342246,0.003067002,0.005308273,0.004757785,0.002870399
"ASV72",0.001572822,0.002123309,0.002949041,0.001966027,0.001179616,0.002280591
"ASV102",0.00145486,0.002280591,0.00074709,0.001651463,0.004521862,0.005622837
"ASV92",0.002319912,0.00070777,0.002595156,0.003774772,0.002241271,0.002516515
"ASV66",0.002005348,0.002005348,0.001651463,0.001415539,0.001336898,0.000825731
"ASV88",0.001376219,0.002359232,0.002516515,0.002123309,0.001966027,0.001887386
"ASV53",0,0.004167977,0.005308273,0.005426235,0.004718465,0
"ASV157",0.003735451,0.005150991,0.003814092,0.00361749,0.002555835,0.003381567
"ASV96",0.002516515,0.000904372,0.001572822,0.000943693,0.001533501,0.005937402
"ASV170",0.002595156,0.00216263,0.003027682,0.001848065,0.001494181,0.003145643
"ASV75",0.001887386,0.002319912,0.003774772,0.001690783,0.001376219,0.000983014
"ASV135",0.002831079,0.002791758,0.003027682,0.003932054,0.003263605,0.001887386
"ASV176",0.001651463,0.002791758,0.002280591,0.002398553,0.002005348,0.001612142
"ASV139",0.002123309,0.001848065,0.002673797,0.00145486,0.00220195,0.002988361
"ASV252",0.00290972,0.003971375,0.002398553,0.002713117,0.004246618,0.002595156
"ASV71",0.000550488,0.001808745,0.00220195,0.002083989,0.002280591,0.001415539
"ASV149",0.002713117,0.001100975,0.001612142,0.00074709,0.002044668,0.00220195
"ASV190",0.000943693,0.003499528,0.002319912,0.002831079,0.00290972,0.001730104
"ASV374",0.001730104,0.001140296,0.001218937,0.003184964,0.001494181,0.001218937
"ASV165",0.003302925,0.003814092,0.004246618,0,0.003892734,0
"ASV207",0.002988361,0.001100975,0.001887386,0.002595156,0.002437874,0.002083989
"ASV95",0.001494181,0.001769424,0.001651463,0.002241271,0.002595156,0
"ASV133",0.002398553,0.002398553,0.001690783,0.002083989,0.003067002,0.001848065
"ASV119",0.001690783,0.001612142,0.002634476,0.002437874,0.001769424,0.001100975
"ASV151",0.00220195,0.003460208,0.002437874,0.002044668,0.001572822,0.001887386
"ASV5568",0.002437874,0,0,0,0,0
"ASV115",0.002005348,0.001258257,0.002359232,0.001336898,0.000904372,0.002241271
"ASV77",0.001140296,0.00145486,0.001376219,0.001494181,0.001572822,0.001100975
"ASV180",0.002083989,0.000471846,0.000983014,0.002123309,0.00145486,0.000943693
"ASV132",0.00145486,0.001769424,0.002398553,0.001730104,0.001297578,0.002319912
"ASV146",0.001769424,0.001179616,0.001612142,0.002477194,0.001887386,0.001336898
"ASV284",0.002516515,0.001022334,0.001140296,0.002044668,0.00220195,0.002044668
"ASV94",0.001612142,0.00070777,0.001336898,0.001887386,0.001258257,0.002241271
"ASV155",0.001415539,0.001612142,0.000904372,0.001218937,0.00216263,0.001218937
"ASV208",0.001651463,0.002870399,0.002005348,0.000983014,0.001730104,0.001100975
"ASV120",0.001651463,0.001730104,0.001612142,0.000865052,0.001572822,0.001022334
"ASV344",0.001572822,0.001494181,0.001297578,0.002005348,0.002044668,0.002437874
"ASV136",0.001651463,0.002752438,0.001690783,0.002241271,0.000904372,0.000983014
"ASV140",0.002831079,0.00216263,0,0.003538849,0.002870399,0.000983014
"ASV614",0,0.000825731,0.001297578,0.001258257,0.000511167,0
"ASV324",0.001651463,0.002398553,0.002398553,0.003381567,0.003302925,0.001572822
"ASV141",0.001808745,0.001533501,0.001690783,0.001769424,0.001926707,0.000629129
"ASV2373",0.004443221,0,0,0,0,0.002634476
"ASV127",0.001494181,0.001494181,0.001494181,0.001494181,0.001336898,0.001690783
"ASV379",0.00070777,0.003892734,0.003184964,0.00220195,0.003538849,0.001926707
"ASV107",0,0,0.003735451,0,0.002949041,0
"ASV237",0.002673797,0.001808745,0.002005348,0.002752438,0.001336898,0.002359232
"ASV213",0.000825731,0.001494181,0.001376219,0.00070777,0.000393205,0.003263605
"ASV137",0.001494181,0.000786411,0.000983014,0.001218937,0.001808745,0.000825731
"ASV143",0.001100975,0.001572822,0.001179616,0.001140296,0.001258257,0.001612142
"ASV189",0.001769424,0.002752438,0.001966027,0.001730104,0.002477194,0.00145486
"ASV212",0.001376219,0.001808745,0.001533501,0.001494181,0.001336898,0.001769424
"ASV172",0.001769424,0.000825731,0.000904372,0.001297578,0.001258257,0.001100975
"ASV117",0.001376219,0.002870399,0.001612142,0.001022334,0,0.001061655
"ASV234",0.000786411,0.001218937,0.002044668,0.001218937,0.001769424,0.001297578
"ASV125",0.002595156,0.00145486,0.001179616,0.002123309,0.001887386,0.000786411
"ASV164",0.001100975,0.001336898,0.002044668,0.001258257,0.00145486,0
"ASV163",0.001572822,0.001336898,0.00220195,0.001100975,0.001494181,0.001218937
"ASV259",0.001061655,0.002083989,0.002241271,0.000550488,0.001179616,0.002398553
"ASV98",0.000629129,0.001140296,0.00220195,0.001415539,0.000825731,0.001061655
"ASV311",0.000825731,0,0.001612142,0.00070777,0.000983014,0.002870399
"ASV167",0.001730104,0.001336898,0.003027682,0.002280591,0.000904372,0.000943693
"ASV222",0.00074709,0.001022334,0.001415539,0.001336898,0.002123309,0.001808745
"ASV437",0.00145486,0.001061655,0.001690783,0.001494181,0.002005348,0.001336898
"ASV346",0.001690783,0.001769424,0.001218937,0.001022334,0.002123309,0.001336898
"ASV262",0.001336898,0.001533501,0.000550488,0.002044668,0.001730104,0.001140296
"ASV373",0.001651463,0.001690783,0.00074709,0.001572822,0.001297578,0.001179616
"ASV124",0.000275244,0.001218937,0.000668449,0.000393205,0.000275244,0.001494181
"ASV174",0.001258257,0.001061655,0.00145486,0.002280591,0.000786411,0.001061655
"ASV91",0.00074709,0.000550488,0.000983014,0.000865052,0.001612142,0.000943693
"ASV264",0.001848065,0.001218937,0.002280591,0.00145486,0.000983014,0.000432526
"ASV214",0.002359232,0.001258257,0.000943693,0.001966027,0.001926707,0.000983014
"ASV299",0.001258257,0.001769424,0.001730104,0.00145486,0.001022334,0.001848065
"ASV109",0.001100975,0.001022334,0.001179616,0.001140296,0.001769424,0.000825731
"ASV318",0.001218937,0.000550488,0.001258257,0.00074709,0.00220195,0.001376219
"ASV219",0.000314564,0.00145486,0.000904372,0.00145486,0.002949041,0.001140296
"ASV270",0.001572822,0.001100975,0.001966027,0.000786411,0.000668449,0.001179616
"ASV142",0.001022334,0.000825731,0.000511167,0.000353885,0.001572822,0.001494181
"ASV583",0.00145486,0,0,0,0,0.005033029
"ASV225",0.000865052,0.001415539,0.001494181,0.001966027,0.001336898,0.00070777
"ASV401",0.001297578,0,0.001376219,0.001140296,0.001218937,0.001061655
"ASV478",0.001336898,0.000865052,0.00074709,0.00074709,0.002673797,0.00074709
"ASV230",0.001100975,0.001297578,0.00145486,0.000865052,0.000943693,0.000275244
"ASV162",0.000550488,0,0.001769424,0,0,0.001100975
"ASV175",0.001140296,0.00074709,0.002123309,0.000314564,0.000314564,0.000943693
"ASV386",0.001612142,0.000943693,0.00070777,0.00070777,0.00070777,0.001926707
"ASV154",0.000865052,0.000983014,0.000865052,0.000668449,0.000983014,0.000943693
"ASV290",0.000314564,0.001376219,0.000943693,0.001376219,0.001572822,0.000511167
"ASV228",0.000511167,0.001061655,0,0.000668449,0.000393205,0.000589808
"ASV223",0.001258257,0.001179616,0,0.002673797,0,0.000786411
"ASV2404",0.001572822,0.001808745,0.001730104,0.001769424,0.003145643,0.000825731
"ASV320",0.000983014,0.001376219,0.00145486,0.001179616,0.001336898,0.000904372
"ASV195",0.000904372,0.000983014,0.001100975,0.001966027,0.000235923,0.001297578
"ASV246",0.000511167,0.001415539,0.001061655,0.001061655,0.00074709,0.00074709
"ASV171",0.001022334,0.000943693,0.00074709,0.001100975,0.000550488,0.000511167
"ASV3220",0.001966027,0.001926707,0,0.002477194,0,0.002319912
"ASV240",0.001218937,0.001730104,0,0,0.001258257,0.000550488
"ASV220",0.000471846,0.004050016,0.000786411,0.000589808,0.001376219,0.000511167
"ASV3230",0.000589808,0.000668449,0.001651463,0.001100975,0.000471846,0.002044668
"ASV519",0.001808745,0.001140296,0.000943693,0.000825731,0.001258257,0.000865052
"ASV226",0.001179616,0.000904372,0.000668449,0.001494181,0.000589808,0.000786411
"ASV263",0.000668449,0,0.000865052,0.00074709,0.001376219,0.000629129
"ASV297",0.001415539,0.001494181,0.001336898,0.001022334,0.001258257,0.001297578
"ASV168",0.000432526,0.000786411,0.000943693,0.001808745,0.000550488,0.000668449
"ASV261",0,0,0,0,0,0.002044668
"ASV415",0.000904372,0.000943693,0.000511167,0.000904372,0.000393205,0.001769424
"ASV1114",0.001140296,0.001376219,0.002005348,0.001061655,0.001612142,0.001887386
"ASV210",0.00074709,0.001572822,0.00074709,0.000983014,0.000825731,0.000786411
"ASV121",0.001376219,0,0,0.00145486,0,0.001218937
"ASV242",0.001376219,0.000235923,0.000668449,0.000471846,0.001494181,0.001218937
"ASV188",0.000511167,0.000668449,0.00074709,0.00074709,0.00074709,0.000786411
"ASV302",0.001533501,0.000668449,0.000550488,0.001061655,0.000471846,0.000943693
"ASV273",0.000393205,0.001100975,0.000668449,0.000432526,0.000235923,0.00070777
"ASV239",0.000550488,0.001258257,0.001022334,0.001100975,0.001061655,0
"ASV333",0.00074709,0.001494181,0,0.001179616,0.000668449,0.000943693
"ASV701",0.000865052,0.001572822,0.001651463,0.002555835,0.001533501,0.000983014
"ASV355",0.001100975,0.001494181,0.000983014,0.00074709,0.001061655,0.000550488
"ASV475",0.001179616,0.001258257,0.001179616,0.001218937,0.001651463,0.001140296
"ASV4085",0,0.002280591,0.002359232,0.003499528,0.000983014,0
"ASV498",0.001022334,0.001022334,0.000825731,0.000668449,0.000904372,0.000511167
"ASV202",0.000275244,0.00070777,0.000983014,0.000471846,0.000865052,0.000589808
"ASV249",0.000235923,0.001218937,0.001218937,0.00145486,0.000314564,0.000471846
"ASV184",0,0.001258257,0.001376219,0,0.000629129,0.000196603
"ASV152",0,0,0,0,0,0.001730104
"ASV329",0.001022334,0.001651463,0.000511167,0.00074709,0.001061655,0.000550488
"ASV314",0.000825731,0.001258257,0.001297578,0.000904372,0.001179616,0.000668449
"ASV232",0.00145486,0.000904372,0,0.001533501,0.000629129,0.000393205
"ASV643",0.001179616,0.000471846,0,0.002595156,0.000629129,0.002083989
"ASV254",0.000668449,0,0.000511167,0.000943693,0.000668449,0.00074709
"ASV312",0,0,0,0.00074709,0,0.000865052
"ASV272",0.000432526,0.000943693,0.001651463,0.000668449,0.000550488,0.000668449
"ASV209",0,0,0.001415539,0.001022334,0.001061655,0
"ASV181",0.000550488,0.001061655,0,0.001336898,0.000865052,0
"ASV476",0,0.001887386,0.001061655,0.001218937,0,0.001887386
"ASV2429",0,0,0,0,0,0.007431582
"ASV376",0.001336898,0,0.000943693,0.002437874,0.000471846,0.000983014
"ASV278",0,0,0,0,0.001926707,0.001572822
"ASV350",0.000786411,0.000432526,0.000983014,0.000393205,0.000668449,0.000393205
"ASV267",0.000353885,0.001651463,0.000589808,0.000825731,0.000865052,0.000865052
"ASV183",0.002398553,0,0,0,0,0.000825731
"ASV200",0,0.000432526,0.000943693,0.000589808,0.000668449,0.00074709
"ASV399",0.001022334,0.000314564,0,0.001179616,0.000629129,0.000235923
"ASV2391",0.000668449,0.001336898,0.000865052,0.000904372,0.001061655,0.000550488
"ASV494",0,0.000511167,0.000904372,0.000865052,0.000668449,0.000589808
"ASV569",0.001140296,0.001926707,0.001415539,0.000943693,0.000825731,0.001100975
"ASV358",0.000629129,0.00070777,0.000904372,0,0.000668449,0.001376219
"ASV166",0,0.001533501,0.001140296,0.001061655,0,0.000157282
"ASV321",0.001140296,0,0.001022334,0.000353885,0.00070777,0.000353885
"ASV4813",0,0,0,0,0,0.004443221
"ASV2387",0.001100975,0,0.000825731,0,0,0.00074709
"ASV425",0,0.00074709,0.001376219,0.001769424,0.00145486,0.000943693
"ASV158",0.000904372,0.000275244,0.000589808,0.000471846,0.001140296,0.000275244
"ASV5561",0.00145486,0,0,0.002949041,0.002398553,0
"ASV424",0.000314564,0.00074709,0.001336898,0.001100975,0.000432526,0.000432526
"ASV300",0,0.001022334,0,0.000353885,0.00070777,0.001140296
"ASV266",0,0.002083989,0,0,0.001100975,0.000668449
"ASV496",0.001336898,0.00070777,0.000983014,0.001179616,0.001100975,0.000786411
"ASV363",0.001100975,0.001218937,0,0.000786411,0.000786411,0.000668449
"ASV878",0.000865052,0.000511167,0.000589808,0.001140296,0.000314564,0.001022334
"ASV248",0.001297578,0,0.000471846,0.000550488,0.00070777,0
"ASV332",0.00074709,0.000550488,0.000550488,0.000904372,0.000432526,0.000471846
"ASV352",0.000983014,0,0.000943693,0.001808745,0,0
"ASV4080",0,0.001336898,0,0.000589808,0.002044668,0.000904372
"ASV4079",0,0,0.003342246,0,0,0.001572822
"ASV506",0.000589808,0.000511167,0.00070777,0.000471846,0.000353885,0.000196603
"ASV483",0.000550488,0,0,0,0.000471846,0.001061655
"ASV468",0.00070777,0.000432526,0.000904372,0.000235923,0.000432526,0.000353885
"ASV438",0.001297578,0,0.001612142,0.000393205,0.001494181,0.001651463
"ASV435",0.000825731,0.000511167,0.000550488,0.000314564,0.000589808,0.000353885
"ASV461",0,0.001140296,0.000668449,0.000550488,0.000786411,0.000904372
"ASV567",0.000786411,0.000235923,0.000629129,0.001061655,0.000511167,0.000275244
"ASV362",0.000432526,0.000865052,0.000393205,0.000511167,0.000235923,0.000432526
"ASV265",0,0.000432526,0,0.000668449,0.000157282,0.001061655
"ASV381",0.000275244,0.000235923,0.000786411,0.000393205,0.000353885,0.000393205
"ASV283",0.000393205,0.000196603,0.000550488,0.000432526,0.000157282,0.000393205
"ASV194",0,0,0,0.001179616,0.001022334,0
"ASV492",0.000511167,0,0.000825731,0.000432526,0.000983014,0.000314564
"ASV591",0.002477194,0,0,0,0.000471846,0
"ASV357",0.00070777,0,0.000589808,0.000393205,0.000393205,0.000393205
"ASV421",0.000550488,0.000432526,0.000432526,0.000393205,0.000471846,0.000589808
"ASV549",0.000786411,0.001140296,0,0.000589808,0.000511167,0.000235923
"ASV508",0.000393205,0.000157282,0.000393205,0.001100975,0.000589808,0.000275244
"ASV349",0.000235923,0.00070777,0.000353885,0.00074709,7.86e-05,0.000904372
"ASV191",0,0.001690783,0,0.001022334,0.000668449,0
"ASV408",0.000550488,0.000865052,0,0,0,0.000511167
"ASV755",0.000275244,0.000235923,0.000353885,0.000904372,0.00074709,0.00070777
"ASV584",0.000550488,0,0.00074709,0.001415539,0.00074709,0.000353885
"ASV215",0.000511167,0.000511167,0.000511167,0.000353885,0,0.000235923
"ASV335",0.00074709,0.000511167,0,0.001061655,0.000471846,0.000786411
"ASV919",0.000865052,0,0.000471846,0.000865052,0.001140296,0.000825731
"ASV229",0,0.000943693,0.000314564,0,0.000589808,0
"ASV3242",0,0.002516515,0,0,0.002005348,0.000904372
"ASV455",0,0.001022334,0,0,0.000550488,0.000275244
"ASV596",0.000550488,0.000471846,0.000825731,0.000825731,0.000432526,0.000904372
"ASV306",0.00074709,0,0.001808745,0,0.000589808,0
"ASV411",0.000196603,0,0,0.000196603,0.000629129,0.000668449
"ASV393",0,0,0,0,0.001966027,0.000471846
"ASV568",0.000275244,0.000471846,0.000825731,0.00070777,0.000629129,0
"ASV4816",0.000943693,0,0.000432526,0,0,0.002359232
"ASV769",0,0.001415539,0,0,0,0
"ASV247",0.000471846,0.000314564,0,0,0.00070777,0.001297578
"ASV747",0.000353885,0.001179616,0,0,0,0.000629129
"ASV510",0.000471846,0.000629129,0.001061655,0.000550488,0.000314564,0.000629129
"ASV389",0.000629129,0.00070777,0.00074709,0.000353885,0.000353885,0.000393205
"ASV235",0.000629129,0,0,0.000786411,0,0
"ASV2379",0,0,0,0.000314564,0.000825731,0.001415539
"ASV608",0.000432526,0.000432526,0.00074709,0.000157282,0.00074709,0.000196603
"ASV563",0.000432526,0.000393205,0.000432526,0,0.000589808,0.000668449
"ASV539",0.000825731,0.000589808,0.000157282,0.000393205,0.000196603,0.000511167
"ASV380",0.000432526,0.00070777,0.000511167,0.000393205,0.000314564,0
"ASV685",0,7.86e-05,0,0.00216263,0.000157282,0.000629129
"ASV450",0.00070777,0.000393205,0.001022334,0.000904372,0,0.000432526
"ASV334",0.000393205,0.000825731,0,0.000511167,0,0.000314564
"ASV233",0,0.000589808,0.000275244,0.000275244,0.000393205,0.000471846
"ASV378",0.000353885,0.000668449,0.000629129,7.86e-05,0.000117962,0.000511167
"ASV505",0.000589808,0.000629129,0.000511167,0.000196603,0.000275244,0.000353885
"ASV366",0.000629129,0.000589808,0,0,0.000786411,0.000432526
"ASV481",0,0.000825731,0,0,0.001061655,0.000393205
"ASV4078",0,0,0,0,0.001258257,0.001179616
"ASV397",0.000157282,0.000786411,0.000786411,0.000432526,0,0.000393205
"ASV631",0.000904372,0.00074709,0.000668449,0.00074709,0.000786411,0.000865052
"ASV348",0,0.000393205,0.000550488,0.000275244,0.000314564,0.000314564
"ASV754",0,7.86e-05,0.000550488,0.000235923,0.000157282,0.002437874
"ASV493",0,0.000157282,0,0,0.001022334,0.000235923
"ASV808",0.000314564,0.000314564,0.000393205,7.86e-05,0.000275244,0.00220195
"ASV522",0.000471846,0.000943693,0.000275244,0.000117962,0.000589808,0.000511167
"ASV527",0.00074709,0.000393205,0.000668449,0.000786411,0,0
"ASV361",0.000235923,0.000196603,0.000668449,0.000196603,0.000314564,0.000275244
"ASV440",0,0.002044668,0,0,0,0
"ASV834",0,0.001336898,0,0,0,0
"ASV718",0.001336898,0.000235923,7.86e-05,0.000511167,0.000353885,0
"ASV369",0.000550488,0.000668449,0.000235923,0.000275244,0.000511167,0.000275244
"ASV594",0.001100975,0,0.000353885,0,0.000511167,0.000471846
"ASV1250",0.00074709,0.000589808,0.000943693,0.000589808,0.000589808,0.000393205
"ASV456",0,0.000471846,0.000589808,0.00070777,0.000196603,0.000157282
"ASV295",0.000983014,0.000235923,0,0.000432526,3.93e-05,0.000275244
"ASV547",0,0,0.000865052,0,0.000353885,0.000432526
"ASV866",0.000353885,7.86e-05,0.000668449,0.000511167,0.000471846,0.000353885
"ASV610",0.000235923,0.000353885,0,0.00070777,0.000275244,0.000275244
"ASV365",0.000589808,0.000393205,0.000550488,0.000235923,0,0
"ASV711",0.000432526,0.000550488,0.000235923,0.000786411,0.000393205,7.86e-05
"ASV341",0.000786411,0.001140296,0,0,0.000196603,0
"ASV548",0,0.000353885,0.000353885,0.000314564,0.000157282,0.000471846
"ASV609",0.000629129,0,0.000432526,0.000471846,0.00074709,0.000353885
"ASV2384",0,0,0,0.001022334,0.000511167,0
"ASV882",0.000235923,0,0.000235923,0.000629129,0.001022334,0.000117962
"ASV413",0,0.00070777,0,0.000393205,0.000157282,0.000353885
"ASV418",0.000943693,0,0.001612142,0,0.000983014,0
"ASV5560",0.00070777,0.001336898,0,0,0.001140296,0
"ASV383",0,0,0.001808745,0,0,0.000471846
"ASV595",0.000393205,0.000904372,0.000393205,0.000353885,0.000471846,3.93e-05
"ASV442",0.00070777,0,0.001100975,0,0.000471846,0
"ASV603",0.000471846,0,0.000471846,0.001140296,0.000471846,0.000393205
"ASV533",0,0,0.000943693,0,0.001494181,0.000629129
"ASV556",0.000235923,0.000432526,0.000275244,0,0.00074709,0.000196603
"ASV1025",0.000196603,0,0.000432526,0.000471846,0.000196603,0.000393205
"ASV343",0.001061655,0.000904372,0,0,0,0
"ASV2419",0.000196603,0,0,0.000157282,0,0.000983014
"ASV716",0,0,0.000117962,0.001297578,0,0
"ASV679",0.000550488,0.00070777,0.000275244,0.000314564,0.000511167,0.000589808
"ASV600",0,0,0.000668449,0.000117962,0,0.000353885
"ASV274",0,0,0,0.000511167,0.000511167,0
"ASV429",0.000904372,0.000393205,0.000432526,0.000157282,0.001022334,0
"ASV536",0,0,0.000589808,0,0.001494181,0.000511167
"ASV803",0,0.000393205,0,0.000196603,0.000235923,0.000550488
"ASV4817",0,0.00216263,0,0,0,0.00216263
"ASV351",0.000589808,0.000471846,0.000668449,0,0,0.000353885
"ASV1236",0.001022334,0,0,0.000668449,0.000786411,0.000314564
"ASV675",0.001179616,0,0,0.001140296,0.000786411,0.00074709
"ASV3213",0.003067002,0,0,0,0,0
"ASV3250",0,0.001258257,0.00074709,0.000904372,0.000589808,0
"ASV757",0.000668449,0.000275244,0.000511167,0,0.000629129,0.000393205
"ASV906",0,0.000353885,0.000314564,0.001061655,0.000235923,0.000275244
"ASV490",0.000196603,0.000471846,0.000471846,0.000314564,0,0.000117962
"ASV439",0,0,0,0.000629129,0.00074709,0
"ASV815",0.000393205,0.000275244,0,0,0.00070777,0.000511167
"ASV558",0.000157282,0.000275244,0.000550488,0.000865052,0.000196603,0.000235923
"ASV633",0.000353885,0.000432526,0,0.000275244,0.000196603,0.000275244
"ASV434",0.000550488,0.000904372,0,0,0.000235923,0.000235923
"ASV532",0.000393205,0.000511167,0,0,0.001140296,0.000393205
"ASV670",0,0.000353885,0,0.000825731,0.001376219,0
"ASV2434",0.000589808,0.000393205,0.000314564,0.000157282,0.000825731,0.000511167
"ASV943",0.000157282,0.000235923,0.000196603,0.000629129,0.000471846,0
"ASV364",0,0.000432526,0,0.000550488,0.000393205,0
"ASV407",0,0.000668449,0.000314564,0,0,0.000314564
"ASV384",0.000117962,0.000589808,0,0.000314564,0.000196603,0.000157282
"ASV721",0.00070777,0.000353885,0,0.000825731,0.00074709,0
"ASV488",0,0.000314564,0,0.000432526,0,0.000629129
"ASV4814",0,0.000157282,0,0,0,0.003302925
"ASV543",0,0,0,0.001061655,0,0
"ASV2756",0,0,0,0.000117962,0.002831079,0
"ASV337",0,0,0.001258257,0,0.00070777,0
"ASV921",0.000511167,0,0.000393205,0,0.000589808,0.000668449
"ASV589",0.000943693,0,0,0,0,0.000786411
"ASV405",0,0.00070777,0,0,0.000393205,0
"ASV813",0.000511167,0.000275244,0.000589808,0,0.000393205,0
"ASV504",0,0.000314564,0,0.000196603,0,0.00070777
"ASV565",7.86e-05,0.00074709,0.000196603,0.000511167,0,0.000275244
"ASV781",0.000393205,0.00070777,0.000629129,0,0.000550488,0.000393205
"ASV974",0.000157282,0.000589808,0.000550488,0.000865052,3.93e-05,0.000393205
"ASV530",0.000589808,0.000471846,0,0,7.86e-05,0.000589808
"ASV1332",0,0.000314564,0.000314564,0,0,0.000983014
"ASV391",0,0.000235923,0.000235923,0.000196603,0,0.000432526
"ASV427",0.000393205,0.000157282,0,0.000353885,0,0.000786411
"ASV3223",0.00074709,0.000393205,0,0,0,0.000786411
"ASV339",0.001100975,0,0,0,0.000668449,0
"ASV2395",0.000589808,0.000235923,0,0.00070777,0,0
"ASV644",0.000196603,0.000157282,0.000353885,0.000275244,0.000196603,0.000157282
"ASV457",0,0.000550488,0,0.000157282,0.000550488,3.93e-05
"ASV8750",0,0.001022334,0,0.002241271,0,0
"ASV612",0.000275244,0.000393205,0.000353885,0,0,0
"ASV806",0,0.001258257,0,0.000432526,0,0.000589808
"ASV4815",0,0,0,0,0,0.00216263
"ASV430",0,0.000235923,0.000629129,0.000432526,0,0
"ASV669",0,0,0,0.001572822,0,0.000314564
"ASV607",0.000275244,0.000353885,0,0.000393205,0.000117962,0.000314564
"ASV697",0.000235923,0.000629129,0.000196603,7.86e-05,0.000393205,7.86e-05
"ASV471",0.000235923,0.000471846,0,0.000117962,0.000196603,0
"ASV6370",0.000353885,0,0,0,0.002595156,0
"ASV597",0,0,0,0,0.000825731,0.000511167
"ASV4821",0,0.000511167,0,0,0,0.000983014
"ASV4199",0,0,0.000471846,0,0,0.001572822
"ASV2428",0.000275244,0,0,0,0.000589808,0.000589808
"ASV518",0.000157282,0.000432526,0.000393205,0,7.86e-05,0.000275244
"ASV653",0.000629129,0.000668449,0,0,0.000511167,0.000393205
"ASV531",0.000275244,0.000196603,0.000550488,0,0,0
"ASV2432",0.000353885,0,0,0.000157282,0.000865052,0
"ASV3237",0,0,0,0,0,0.001730104
"ASV4093",0.001258257,0,0,0.000865052,0,0
"ASV4899",0.000511167,0.000511167,0.000668449,0.000275244,0,0.000275244
"ASV2477",0.000471846,0.001022334,0.000235923,0.000353885,0.000314564,0
"ASV8748",0,0.003263605,0,0,0,0
"ASV3258",0.000589808,0,0.000471846,0,0.000550488,0.000786411
"ASV997",0,0,0.000432526,0.000353885,0,0.000393205
"ASV516",0,0,0,0,0,0.001218937
"ASV570",0.000393205,0.000235923,0.000275244,0.000629129,0,0
"ASV935",0.000314564,0.000353885,0.000943693,0,0.000511167,0.000314564
"ASV801",0,0.000511167,0,0.00070777,0,0
"ASV1503",0,0.000314564,0.000432526,0.000275244,0.000235923,0
"ASV636",0.000117962,0.000117962,0.000196603,0.000471846,0.000235923,0.000314564
"ASV733",0,0,3.93e-05,0.000314564,0.000117962,0.000943693
"ASV2545",0.000865052,0,0.000196603,0.000825731,0.000157282,0.000432526
"ASV724",0.000353885,0,0.000275244,0.000275244,0.000314564,0.000196603
"ASV1305",0.000314564,0.001966027,0,0,0.000196603,0
"ASV909",0.000629129,0,0,0.000314564,0.000589808,0.000432526
"ASV4909",0.000786411,0.000275244,0.000432526,0.00070777,0.000353885,0.000353885
"ASV7043",0.000314564,0.001572822,0,0.000825731,0,0
"ASV791",0.000314564,0.000825731,0,0,0,0
"ASV2390",0,0,0.001218937,0,0,0
"ASV2614",0,0.000314564,0.000786411,0.000275244,0,0
"ASV746",0,0.000393205,0.000157282,0.000275244,0.000235923,0.000235923
"ASV6371",0,0,0,0,0.002083989,0
"ASV771",0,0,0,0,0,0.001022334
"ASV4822",0,0.000157282,0,0,0,0.000983014
"ASV2406",0,0,0,0.001218937,0,0.000471846
"ASV728",0,0.000471846,0,0.000511167,0,0.00070777
"ASV409",0.000196603,0.000904372,0,0,0,0
"ASV7513",0,0.001140296,0.001376219,0,0,0
"ASV4141",0.000393205,0,0,0.000825731,0,0.000629129
"ASV2503",0,0.00145486,0,0,0,0.00070777
"ASV4139",0.000353885,0,0,0,0.000393205,0.000275244
"ASV4835",0,0.000314564,0,0,0,0.000786411
"ASV3295",0,0.000589808,0,0.000983014,0.000353885,0
"ASV1423",0.000511167,0,0,0,0.000314564,0.000668449
"ASV713",0.000353885,0,0.000196603,0.000157282,0.000314564,0
"ASV774",0,0.000943693,0.000432526,0,0.000235923,0
"ASV2780",0.000550488,0.000314564,0,0.000432526,0.00070777,0
"ASV541",0,0,0.000904372,0,0.000353885,0
"ASV758",0,0,0,0,0.000432526,0.000629129
"ASV2418",0,0.000432526,0.000825731,0,0,0
"ASV4105",0,0,0,0,0.000393205,0.000825731
"ASV2465",0.000393205,0,0,0.000196603,0.000353885,0.000157282
"ASV2528",0,0,0.000353885,0.000353885,0.000314564,0
"ASV6383",0,0.001494181,0,0,0.000511167,0
"ASV4832",0,0,0,0.000589808,0.000511167,0.000668449
"ASV832",0,0,0.000275244,0,0.000314564,0.00070777
"ASV1047",0.000314564,0.000275244,0.000393205,0.000471846,0,0
"ASV4081",0,0.00074709,0,0.000353885,0,0
"ASV3298",0,0.000786411,0,0.000865052,0,0
"ASV606",0.000825731,0,0,7.86e-05,0,0.000117962
"ASV4825",0,0,0,0,0.000668449,0.000786411
"ASV2239",0.000157282,0,0,0.001100975,3.93e-05,0
"ASV760",0,0.000196603,0.000235923,0,0.000275244,0.000432526
"ASV5594",0,0.001297578,0,0,0,0
"ASV1091",0.000353885,0.000314564,0,0,0,0.000471846
"ASV6372",0,0,0,0,0.001415539,0
"ASV1150",0.000353885,0.000196603,0.000235923,0.000235923,0,0
"ASV4101",0,0.000471846,0.000196603,0,0.000511167,0
"ASV2515",0.000629129,0,0,0.000235923,0,0.000393205
"ASV826",0,0.000471846,0,0.000196603,0.000235923,0.000353885
"ASV2637",0,0.000432526,0,0.001336898,0,0
"ASV3468",0.000314564,0.000275244,0,0.000275244,0.000157282,0.000157282
"ASV931",0.000314564,0.000196603,0.000157282,0.000235923,0.000275244,0
"ASV6375",0.000117962,0,0.000668449,0,0.000865052,0
"ASV2424",0.00070777,0,0.000471846,0,0,0
"ASV1434",0,0.000235923,0.000589808,0.000196603,0.000589808,0
"ASV4891",0,0.000786411,0,0.000117962,0.000275244,0.000196603
"ASV3262",0.000196603,0,0.000157282,0.000157282,0.000314564,0.000314564
"ASV7512",0,0,0.001848065,0,0,0
"ASV9261",0,0,0,0.001572822,0,0
"ASV3302",0,0,0,0.000235923,0.000393205,0.000393205
"ASV3256",0,0,0.000550488,0,0.000511167,0
"ASV4883",0,0.00074709,0,0,0.000196603,0.000235923
"ASV3515",0.000393205,0,0.000275244,0.000275244,0.000157282,0
"ASV4837",0,0,0.000314564,0,0.000353885,0.00070777
"ASV4840",0.000983014,0,0,0,0,0.000668449
"ASV8769",0,0.000393205,0,0.001179616,0,0
"ASV1977",0,0,0.000275244,0.000511167,0.000471846,0.000117962
"ASV8749",0,0.001415539,0,0,0,0
"ASV6376",0,0.000393205,0,0,0.000786411,0
"ASV2175",0.000629129,7.86e-05,0,0.000235923,0.000157282,0.000117962
"ASV2733",0,0,0,0,7.86e-05,0.001297578
"ASV1214",0.000275244,0.000157282,0.000314564,0.000196603,0,0.000157282
"ASV8074",0.000668449,0,0,0.000825731,0,0
"ASV8062",0.001612142,0,0,0,0,0
"ASV7054",0.00070777,0.000550488,0,0,0,0
"ASV3402",0,0,0,0.001061655,0,0
"ASV7514",0,0,0.001061655,0,0,0
"ASV4838",0,0,0.000511167,0,0,0.000668449
"ASV1595",0.000196603,0.000511167,0,0.000314564,0,0
"ASV9262",0,0,0,0.001179616,0,0
"ASV4818",0,0,0,0,0,0.001179616
"ASV7521",0,0.000629129,0.00070777,0,0,0
"ASV9263",0,0,0,0.001022334,0,0
"ASV6484",0,0.000314564,0.000589808,0,0.000157282,0
"ASV7519",0.000353885,0,0.000983014,0,0,0
"ASV4860",0,0,0,0,0.000589808,0.000432526
"ASV7515",0,0,0.001179616,0,0,0
"ASV8773",0,0.000471846,0,0.00070777,0,0
"ASV8751",0,0.001061655,0,0,0,0
"ASV7516",0,0,0.001061655,0,0,0
"ASV8065",0.001140296,0,0,0,0,0
"ASV8067",0.001140296,0,0,0,0,0
"ASV8066",0.001140296,0,0,0,0,0
"ASV8754",0,0.001100975,0,0,0,0
"ASV4824",0,0,0,0,0,0.001022334
"ASV8068",0.001179616,0,0,0,0,0
"ASV7561",0,0.000157282,0.000353885,0.000550488,0,0
"ASV8069",0.001022334,0,0,0,0,0
"ASV9265",0,0,0,0.001022334,0,0
