ID,aCO2-1,aCO2-2,aCO2-3,aCO2-4,aCO2-5,aCO2-6,eCO2-1,eCO2-2,eCO2-3,eCO2-4,eCO2-5,eCO2-6
PhoD_ASV1,0.116113558,0.112771312,0.119534445,0.10101447,0.101604278,0.117057251,0.133847122,0.111984901,0.091302296,0.121539792,0.116467443,0.092442592
PhoD_ASV2,0.056267694,0.037433155,0.047341931,0.036568103,0.069204152,0.040146272,0.025204467,0.038927336,0.068771626,0.037747719,0.031102548,0.029411765
PhoD_ASV3,0.045218622,0.044235609,0.053947782,0.041837056,0.044786096,0.0493866,0.054852155,0.035860333,0.038455489,0,0.043724442,0.03853413
PhoD_ASV5,0.036804026,0.040854042,0.037983643,0.031141869,0.038337528,0.039123938,0.038966656,0.033186537,0.032124882,0.042938031,0.039084618,0.028586033
PhoD_ASV8,0.022845234,0.033383139,0.027170494,0.032439446,0.025597672,0.026777288,0.026423404,0.027917584,0.024496697,0.023749607,0.022805914,0.035034602
PhoD_ASV9,0.020879207,0.02178358,0.019188424,0.018559295,0.017654923,0.02036804,0.013408304,0.021154451,0.019974835,0.017065115,0.020800566,0.01529569
PhoD_ASV19,0.009790815,0.019699591,0.009554891,0.00507235,0.00652721,0.010695187,0.028821957,0.017654923,0.025007864,0.021115131,0.020721925,0.03633218
PhoD_ASV13,0.015924819,0.01093111,0.017851526,0.010813149,0.013644228,0.010655867,0.013447625,0.012818496,0.01089179,0.01380151,0.013880151,0.011796162
PhoD_ASV11,0.01962095,0.010695187,0.011756842,0.013211702,0.01234665,0.014116074,0.008650519,0.011481598,0.013604907,0.011992765,0.011127713,0.014351997
PhoD_ASV20,0.009083045,0.007746147,0.008296634,0.011442277,0.0072743,0.007352941,0.020918528,0.019188424,0.014155395,0.024260774,0.018441334,0.009790815
PhoD_ASV30,0.00656653,0.009240327,0.009672853,0.005544196,0.007077697,0.010380623,0.01671123,0.020014155,0.013683548,0.01675055,0.014391318,0.018205411
PhoD_ASV16,0.010459264,0.010105379,0.012739855,0.008217993,0.010026738,0.01234665,0.011560239,0.009948097,0.010537905,0.010419943,0.009987417,0.008847122
PhoD_ASV51,0.004089336,0.004482542,0.006999056,0.005504876,0.007903429,0.003184964,0.012936458,0.018795219,0.02036804,0.016475307,0.0145486,0.012464612
PhoD_ASV15,0.011402957,0.009161686,0.007628185,0.013447625,0.009279648,0.009083045,0.008965083,0.008453916,0.00868984,0.005740799,0.006684492,0.013919472
PhoD_ASV17,0.010655867,0.008532557,0.008335955,0.010577226,0.009869456,0.009279648,0.00798207,0.008493237,0.009318968,0.0101447,0.011481598,0.005937402
PhoD_ASV18,0.009161686,0.011245675,0.010105379,0.008493237,0.009790815,0,0.010616546,0.010380623,0.010577226,0.009240327,0.008375275,0.009279648
PhoD_ASV41,0.005150991,0.00436458,0.003302925,0.004285939,0.002241271,0.00436458,0.012936458,0.014941806,0.012425291,0.011717521,0.013998113,0.01018402
PhoD_ASV24,0.00868984,0.005347594,0.006134004,0.007903429,0.00436458,0.00578012,0.008650519,0.011560239,0.008965083,0.011167034,0.007038377,0.006959736
PhoD_ASV25,0.007431582,0.005465555,0.00802139,0.005347594,0.004010695,0.008139352,0.00581944,0.007785467,0.011127713,0.006920415,0.0072743,0.006723813
PhoD_ASV23,0.008768481,0.004679144,0.005898081,0.006723813,0.003932054,0.007195659,0.005858761,0.003027682,0.005583517,0.007510223,0.00581944,0.007431582
PhoD_ASV26,0.007352941,0.006212645,0.004993709,0.006330607,0.005622837,0.005347594,0.005740799,0.004010695,0.005898081,0.007352941,0.008650519,0.00511167
PhoD_ASV28,0.00652721,0.006251966,0.00581944,0.005740799,0.004639824,0.004797106,0.007628185,0.005898081,0.005701478,0.006251966,0.007942749,0.004757785
PhoD_ASV42,0.005308273,0.005622837,0.005190311,0.006920415,0.004128657,0.005308273,0.007038377,0.005583517,0.009712174,0.007431582,0.004797106,0.004718465
PhoD_ASV44,0.004010695,0.006802454,0.006448569,0.004797106,0.006409248,0.006684492,0.005583517,0.005033029,0.004050016,0.003538849,0.00578012,0.002988361
PhoD_ASV35,0.005504876,0.004797106,0.004403901,0.007549544,0.00507235,0.00511167,0.005308273,0.004482542,0.003814092,0.003381567,0.00436458,0.005268953
PhoD_ASV54,0.00365681,0.006134004,0.00511167,0.004836427,0.00656653,0.006212645,0.004600503,0,0.006134004,0.006723813,0.005740799,0.003499528
PhoD_ASV179,0.001376219,0.002398553,0.001926707,0.002477194,0.001572822,0.001533501,0.005426235,0.009201007,0.008375275,0.0101447,0.01093111,0.004993709
PhoD_ASV78,0.002673797,0.003067002,0.002555835,0.002123309,0.001769424,0.002241271,0.007352941,0.005740799,0.008768481,0.006055363,0.006330607,0.009790815
PhoD_ASV45,0.004443221,0.005701478,0.00507235,0.004836427,0.00436458,0.00507235,0.003892734,0.005386914,0.004875747,0.005544196,0.002870399,0.006134004
PhoD_ASV87,0.002241271,0.00220195,0.003774772,0.003460208,0.002713117,0.002988361,0.004285939,0.004797106,0.003184964,0.013211702,0.003814092,0.009751494
PhoD_ASV29,0.006763133,0.004521862,0.003853413,0.003145643,0.004285939,0.006605851,0.003420887,0.004285939,0.003774772,0.004246618,0.004285939,0.001887386
PhoD_ASV56,0.003892734,0.00511167,0.003971375,0.00511167,0.006684492,0.004954388,0.002831079,0.004561183,0.004246618,0.004993709,0.004993709,0.003932054
PhoD_ASV36,0.005465555,0.004836427,0.007706826,0.006251966,0.003420887,0.003774772,0.003499528,0.00290972,0.002280591,0.002555835,0.003460208,0.006094684
PhoD_ASV86,0.002477194,0.004089336,0.00290972,0.002516515,0.00220195,0.002437874,0.006409248,0.00578012,0.005190311,0.006330607,0.006684492,0.005662158
PhoD_ASV93,0.00220195,0.004954388,0.003578169,0.007746147,0.00652721,0.006448569,0.002634476,0.003302925,0.002555835,0.002044668,0.003224284,0.007117018
PhoD_ASV34,0.00581944,0.003853413,0.003696131,0.00365681,0.002634476,0.00436458,0.002831079,0.002870399,0.004875747,0.003853413,0.004639824,0.002870399
PhoD_ASV50,0.004285939,0.003184964,0.00652721,0.004521862,0.003302925,0.003499528,0.002988361,0.003381567,0.005033029,0.002555835,0.004207298,0.004482542
PhoD_ASV111,0.002083989,0.005386914,0.005544196,0.004757785,0.002437874,0.004639824,0.003814092,0.003381567,0.005268953,0.005229632,0.003224284,0.004010695
PhoD_ASV58,0.003263605,0.003342246,0.003892734,0.004757785,0.002988361,0.004128657,0.002319912,0.003106323,0.003932054,0.004679144,0.004167977,0.002713117
PhoD_ASV74,0.002791758,0.00220195,0.003774772,0.00361749,0.004915068,0.003892734,0.003027682,0.005937402,0.002713117,0.003892734,0.004010695,0.00361749
PhoD_ASV52,0.004207298,0.003696131,0.004128657,0.004718465,0.004010695,0.002673797,0.003460208,0.002398553,0.004797106,0.003263605,0.00436458,0.001690783
PhoD_ASV100,0.002123309,0.00432526,0.010734508,0.004285939,0.001887386,0.00290972,0.003499528,0.003067002,0.003420887,0.001218937,0.002595156,0.004010695
PhoD_ASV48,0.004757785,0.004167977,0.003420887,0.003971375,0.003342246,0.004639824,0.002123309,0.001730104,0.003696131,0.00365681,0.003696131,0.001887386
PhoD_ASV73,0.002516515,0.007785467,0.00290972,0.002752438,0.006134004,0.003145643,0.003106323,0.001533501,0.003302925,0.002555835,0.002437874,0.004915068
PhoD_ASV43,0.004993709,0.003892734,0.00581944,0.003853413,0.00432526,0.00436458,0.001572822,0.002516515,0.001730104,0.00220195,0.001966027,0.002791758
PhoD_ASV69,0.002752438,0.006134004,0.001926707,0.004993709,0.003735451,0.004285939,0.003538849,0.002241271,0.00290972,0.002083989,0.003224284,0.004679144
PhoD_ASV81,0.002437874,0.004836427,0.003027682,0.004443221,0.004797106,0.004050016,0.002555835,0.005701478,0,0.003892734,0.003067002,0.002949041
PhoD_ASV153,0.001572822,0.003027682,0.001494181,0.001179616,0.000825731,0.002359232,0.006409248,0.003460208,0.004679144,0.004639824,0.003381567,0.009004404
PhoD_ASV38,0.005976722,0.003578169,0.003538849,0.001887386,0.002398553,0.004167977,0.001966027,0.003499528,0.001926707,0.003932054,0.002044668,0.002359232
PhoD_ASV80,0.002319912,0.002713117,0.003814092,0.003578169,0.003578169,0.002398553,0.002949041,0.004285939,0.002713117,0.004010695,0.004797106,0.002752438
PhoD_ASV118,0.002083989,0.001140296,0.001494181,0.001179616,0.002083989,0.001218937,0.005229632,0.004954388,0.006212645,0.005504876,0.003696131,0.005308273
PhoD_ASV122,0.001926707,0.003302925,0.002791758,0.003184964,0.00507235,0.007077697,0.003302925,0.001376219,0.00216263,0.004167977,0.003145643,0.003106323
PhoD_ASV59,0.003538849,0.004993709,0.002988361,0.003696131,0.002949041,0.002870399,0.002673797,0.003067002,0.002949041,0.002752438,0.003460208,0.002516515
PhoD_ASV99,0.002280591,0.003853413,0.004089336,0.002791758,0.003027682,0.00216263,0.003381567,0.001730104,0.002437874,0.00436458,0.005150991,0.003420887
PhoD_ASV105,0.001808745,0.002831079,0.002949041,0.005465555,0.004285939,0.001926707,0.002673797,0.002044668,0.003302925,0.001926707,0.002634476,0.005740799
PhoD_ASV60,0.003460208,0.003971375,0.002634476,0.002123309,0.003420887,0.005033029,0.003696131,0.002634476,0.003184964,0.004050016,0,0.002949041
PhoD_ASV90,0.002713117,0.00507235,0.004561183,0,0.003263605,0.00507235,0.004050016,0,0.003696131,0,0.004089336,0.003224284
PhoD_ASV47,0.004521862,0.002319912,0.002437874,0.003067002,0.00361749,0.003145643,0.002752438,0.002634476,0.002044668,0.002988361,0.000983014,0.002752438
PhoD_ASV67,0.002988361,0.002791758,0.002634476,0.004050016,0.005033029,0.00216263,0.001769424,0.00290972,0.003853413,0.001848065,0.002870399,0.001533501
PhoD_ASV57,0.003263605,0.002870399,0.002083989,0.003184964,0.002595156,0.002949041,0.003145643,0.002398553,0.003027682,0.006016043,0.000983014,0.001100975
PhoD_ASV112,0.001651463,0.005386914,0.00290972,0.005426235,0.003184964,0.003460208,0.002044668,0.002477194,0.00220195,0.001376219,0.001218937,0.003696131
PhoD_ASV76,0.002634476,0.00290972,0.001848065,0.003342246,0.002673797,0.002516515,0.002437874,0.001297578,0.003027682,0.00220195,0.002831079,0.004679144
PhoD_ASV64,0.003027682,0.003145643,0.002280591,0.003302925,0.00220195,0.002752438,0.002516515,0.003184964,0.002988361,0.001258257,0.002359232,0.002988361
PhoD_ASV218,0.001376219,0.001022334,0.001533501,0.001572822,0.00070777,0.003342246,0.004993709,0.003342246,0.003067002,0.005308273,0.004757785,0.002870399
PhoD_ASV72,0.003145643,0.002516515,0.003263605,0.003342246,0.003342246,0.003145643,0.001572822,0.002123309,0.002949041,0.001966027,0.001179616,0.002280591
PhoD_ASV102,0.002516515,0.001808745,0.001926707,0.003696131,0.002359232,0.002280591,0.00145486,0.002280591,0.00074709,0.001651463,0.004521862,0.005622837
PhoD_ASV92,0.002477194,0.003735451,0.002595156,0.001297578,0.001415539,0.004639824,0.002319912,0.00070777,0.002595156,0.003774772,0.002241271,0.002516515
PhoD_ASV66,0.003067002,0.002477194,0.00365681,0.004207298,0.002988361,0.002319912,0.002005348,0.002005348,0.001651463,0.001415539,0.001336898,0.000825731
PhoD_ASV88,0.003027682,0.003578169,0.002949041,0.00290972,0.002123309,0.002988361,0.001376219,0.002359232,0.002516515,0.002123309,0.001966027,0.001887386
PhoD_ASV53,0.00361749,0,0,0,0.002673797,0,0,0.004167977,0.005308273,0.005426235,0.004718465,0
PhoD_ASV157,0.001179616,0.001061655,0.001140296,0.000865052,0.000983014,0.001179616,0.003735451,0.005150991,0.003814092,0.00361749,0.002555835,0.003381567
PhoD_ASV96,0.002044668,0.001690783,0.001612142,0.003224284,0.003067002,0.00220195,0.002516515,0.000904372,0.001572822,0.000943693,0.001533501,0.005937402
PhoD_ASV170,0.001258257,0.001651463,0.002241271,0.002673797,0.002988361,0.002123309,0.002595156,0.00216263,0.003027682,0.001848065,0.001494181,0.003145643
PhoD_ASV75,0.003106323,0.00220195,0.002477194,0.002634476,0.001769424,0.002319912,0.001887386,0.002319912,0.003774772,0.001690783,0.001376219,0.000983014
PhoD_ASV135,0.001808745,0.001179616,0.001612142,0.002280591,0.000983014,0.000865052,0.002831079,0.002791758,0.003027682,0.003932054,0.003263605,0.001887386
PhoD_ASV176,0.001022334,0.003067002,0.001926707,0.00220195,0.003342246,0.002123309,0.001651463,0.002791758,0.002280591,0.002398553,0.002005348,0.001612142
PhoD_ASV139,0.002123309,0.002791758,0.001966027,0.003696131,0.003145643,0,0.002123309,0.001848065,0.002673797,0.00145486,0.00220195,0.002988361
PhoD_ASV252,0.00070777,0.001258257,0.001769424,0.000511167,0.002123309,0.00145486,0.00290972,0.003971375,0.002398553,0.002713117,0.004246618,0.002595156
PhoD_ASV71,0.002949041,0.002437874,0.001415539,0.002634476,0.001690783,0.001966027,0.000550488,0.001808745,0.00220195,0.002083989,0.002280591,0.001415539
PhoD_ASV149,0.001336898,0.002005348,0.001730104,0.003460208,0.00220195,0.002005348,0.002713117,0.001100975,0.001612142,0.00074709,0.002044668,0.00220195
PhoD_ASV190,0.001376219,0.001730104,0.001179616,0.001690783,0.001297578,0.000865052,0.000943693,0.003499528,0.002319912,0.002831079,0.00290972,0.001730104
PhoD_ASV374,0.000471846,0.003067002,0.000943693,0.000904372,0.002673797,0.006684492,0.001730104,0.001140296,0.001218937,0.003184964,0.001494181,0.001218937
PhoD_ASV165,0.001572822,0,0.003814092,0.001572822,0,0,0.003302925,0.003814092,0.004246618,0,0.003892734,0
PhoD_ASV207,0.001100975,0.00074709,0.001769424,0.002673797,0.001140296,0.002083989,0.002988361,0.001100975,0.001887386,0.002595156,0.002437874,0.002083989
PhoD_ASV95,0.002555835,0.002359232,0.001612142,0.001533501,0.001376219,0.001769424,0.001494181,0.001769424,0.001651463,0.002241271,0.002595156,0
PhoD_ASV133,0.001966027,0.001258257,0.002359232,0,0.001061655,0.001140296,0.002398553,0.002398553,0.001690783,0.002083989,0.003067002,0.001848065
PhoD_ASV119,0.002044668,0.001376219,0.001258257,0.002949041,0.001533501,0.001848065,0.001690783,0.001612142,0.002634476,0.002437874,0.001769424,0.001100975
PhoD_ASV151,0.001533501,0.001415539,0.001061655,0.002280591,0.001494181,0.001533501,0.00220195,0.003460208,0.002437874,0.002044668,0.001572822,0.001887386
PhoD_ASV5568,0,0,0,0.022255426,0.001022334,0,0.002437874,0,0,0,0,0
PhoD_ASV115,0.00220195,0.001848065,0.001690783,0.002949041,0.001533501,0.001848065,0.002005348,0.001258257,0.002359232,0.001336898,0.000904372,0.002241271
PhoD_ASV77,0.002713117,0.003106323,0,0.001612142,0.001533501,0.003027682,0.001140296,0.00145486,0.001376219,0.001494181,0.001572822,0.001100975
PhoD_ASV180,0.001494181,0.004482542,0.002752438,0.001140296,0.002319912,0.002831079,0.002083989,0.000471846,0.000983014,0.002123309,0.00145486,0.000943693
PhoD_ASV132,0.002123309,0.001297578,0.001218937,0.001651463,0.002044668,0.002241271,0.00145486,0.001769424,0.002398553,0.001730104,0.001297578,0.002319912
PhoD_ASV146,0.001376219,0.001533501,0.001848065,0.00145486,0.002319912,0.002005348,0.001769424,0.001179616,0.001612142,0.002477194,0.001887386,0.001336898
PhoD_ASV284,0.001140296,0.001808745,0.002241271,0.001572822,0.002083989,0.001808745,0.002516515,0.001022334,0.001140296,0.002044668,0.00220195,0.002044668
PhoD_ASV94,0.002437874,0.001966027,0.001061655,0.001297578,0.001218937,0.001769424,0.001612142,0.00070777,0.001336898,0.001887386,0.001258257,0.002241271
PhoD_ASV155,0.001258257,0.002988361,0.002870399,0.001769424,0.00145486,0.001572822,0.001415539,0.001612142,0.000904372,0.001218937,0.00216263,0.001218937
PhoD_ASV208,0.001179616,0.001808745,0.001494181,0.000786411,0.001966027,0.003224284,0.001651463,0.002870399,0.002005348,0.000983014,0.001730104,0.001100975
PhoD_ASV120,0.001730104,0.001258257,0.002319912,0.000904372,0.002044668,0.002359232,0.001651463,0.001730104,0.001612142,0.000865052,0.001572822,0.001022334
PhoD_ASV344,0.000786411,0.001533501,0.001730104,0.003067002,0.001572822,0.001140296,0.001572822,0.001494181,0.001297578,0.002005348,0.002044668,0.002437874
PhoD_ASV136,0.001612142,0.000904372,0.001415539,0.002280591,0.001572822,0.001966027,0.001651463,0.002752438,0.001690783,0.002241271,0.000904372,0.000983014
PhoD_ASV140,0.001651463,0.001690783,0,0.00216263,0,0.001848065,0.002831079,0.00216263,0,0.003538849,0.002870399,0.000983014
PhoD_ASV614,0.000432526,0.001258257,0.001612142,0.006841774,0,0.00802139,0,0.000825731,0.001297578,0.001258257,0.000511167,0
PhoD_ASV324,0.000825731,0.001100975,0,0.001218937,0.00074709,0.001612142,0.001651463,0.002398553,0.002398553,0.003381567,0.003302925,0.001572822
PhoD_ASV141,0.001336898,0.001258257,0.001572822,0.001533501,0.001887386,0.002123309,0.001808745,0.001533501,0.001690783,0.001769424,0.001926707,0.000629129
PhoD_ASV2373,0,0.003460208,0.003932054,0.004050016,0,0.003814092,0.004443221,0,0,0,0,0.002634476
PhoD_ASV127,0.002005348,0.002044668,0.002123309,0.001494181,0.000786411,0.002044668,0.001494181,0.001494181,0.001494181,0.001494181,0.001336898,0.001690783
PhoD_ASV379,0.000471846,0.000825731,0.000589808,0.000786411,0.001022334,0.000393205,0.00070777,0.003892734,0.003184964,0.00220195,0.003538849,0.001926707
PhoD_ASV107,0.002083989,0.002398553,0,0,0.005740799,0,0,0,0.003735451,0,0.002949041,0
PhoD_ASV237,0.001297578,0.003538849,0.001297578,0,0,0,0.002673797,0.001808745,0.002005348,0.002752438,0.001336898,0.002359232
PhoD_ASV213,0.001179616,0.001376219,0.001022334,0.00361749,0.002634476,0.001297578,0.000825731,0.001494181,0.001376219,0.00070777,0.000393205,0.003263605
PhoD_ASV137,0.001769424,0.002713117,0.001533501,0.001926707,0.001533501,0.001651463,0.001494181,0.000786411,0.000983014,0.001218937,0.001808745,0.000825731
PhoD_ASV143,0.001769424,0.00070777,0.002241271,0.001533501,0.00220195,0.001926707,0.001100975,0.001572822,0.001179616,0.001140296,0.001258257,0.001612142
PhoD_ASV189,0.001179616,0.001848065,0,0.001533501,0.001179616,0,0.001769424,0.002752438,0.001966027,0.001730104,0.002477194,0.00145486
PhoD_ASV212,0.001415539,0.000668449,0.001494181,0.001769424,0.001494181,0.001887386,0.001376219,0.001808745,0.001533501,0.001494181,0.001336898,0.001769424
PhoD_ASV172,0.001415539,0.001769424,0.001808745,0.001966027,0.001297578,0.002123309,0.001769424,0.000825731,0.000904372,0.001297578,0.001258257,0.001100975
PhoD_ASV117,0.001887386,0.001218937,0.001179616,0,0.002634476,0.002083989,0.001376219,0.002870399,0.001612142,0.001022334,0,0.001061655
PhoD_ASV234,0.001336898,0.001218937,0.001376219,0.002241271,0.00145486,0.003224284,0.000786411,0.001218937,0.002044668,0.001218937,0.001769424,0.001297578
PhoD_ASV125,0.001690783,0.00145486,0,0.000943693,0.001100975,0.001572822,0.002595156,0.00145486,0.001179616,0.002123309,0.001887386,0.000786411
PhoD_ASV164,0.001218937,0.003814092,0.001730104,0.001494181,0.002044668,0,0.001100975,0.001336898,0.002044668,0.001258257,0.00145486,0
PhoD_ASV163,0.00145486,0.001769424,0.00145486,0.001179616,0.001022334,0.001376219,0.001572822,0.001336898,0.00220195,0.001100975,0.001494181,0.001218937
PhoD_ASV259,0.001140296,0.002555835,0.001966027,0,0,0.00290972,0.001061655,0.002083989,0.002241271,0.000550488,0.001179616,0.002398553
PhoD_ASV98,0.002083989,0.000786411,0.001533501,0.001690783,0.002005348,0,0.000629129,0.001140296,0.00220195,0.001415539,0.000825731,0.001061655
PhoD_ASV311,0.000786411,0.003067002,0.000589808,0.002123309,0.002359232,0.001336898,0.000825731,0,0.001612142,0.00070777,0.000983014,0.002870399
PhoD_ASV167,0.001730104,0.001651463,0,0.000786411,0.001258257,0.001376219,0.001730104,0.001336898,0.003027682,0.002280591,0.000904372,0.000943693
PhoD_ASV222,0.001022334,0.000629129,0.002280591,0.001022334,0.001336898,0.001218937,0.00074709,0.001022334,0.001415539,0.001336898,0.002123309,0.001808745
PhoD_ASV437,0.000511167,0.001533501,0.001297578,0.001258257,0.001887386,0.00220195,0.00145486,0.001061655,0.001690783,0.001494181,0.002005348,0.001336898
PhoD_ASV346,0.00070777,0.001808745,0.00220195,0.001808745,0,0.001258257,0.001690783,0.001769424,0.001218937,0.001022334,0.002123309,0.001336898
PhoD_ASV262,0.001022334,0.001966027,0.001140296,0.001651463,0.001808745,0.000550488,0.001336898,0.001533501,0.000550488,0.002044668,0.001730104,0.001140296
PhoD_ASV373,0.00074709,0.001100975,0.001297578,0.001336898,0.001336898,0.002595156,0.001651463,0.001690783,0.00074709,0.001572822,0.001297578,0.001179616
PhoD_ASV124,0.001612142,0.000943693,0.001336898,0.00290972,0.001533501,0.000904372,0.000275244,0.001218937,0.000668449,0.000393205,0.000275244,0.001494181
PhoD_ASV174,0.001572822,0.001848065,0.001690783,0.000629129,0.000353885,0.001218937,0.001258257,0.001061655,0.00145486,0.002280591,0.000786411,0.001061655
PhoD_ASV91,0.003224284,0.000550488,0.001336898,0.000983014,0.00074709,0.000393205,0.00074709,0.000550488,0.000983014,0.000865052,0.001612142,0.000943693
PhoD_ASV264,0.001297578,0.001415539,0.001336898,0.00070777,0.001022334,0.001848065,0.001848065,0.001218937,0.002280591,0.00145486,0.000983014,0.000432526
PhoD_ASV214,0.001297578,0.000668449,0.00074709,0.001533501,0.00070777,0,0.002359232,0.001258257,0.000943693,0.001966027,0.001926707,0.000983014
PhoD_ASV299,0.00070777,0.000983014,0.000983014,0.001218937,0,0.001651463,0.001258257,0.001769424,0.001730104,0.00145486,0.001022334,0.001848065
PhoD_ASV109,0.001926707,0.002280591,0,0,0,0.001179616,0.001100975,0.001022334,0.001179616,0.001140296,0.001769424,0.000825731
PhoD_ASV318,0.000943693,0.002752438,0.001494181,0,0.001376219,0.001297578,0.001218937,0.000550488,0.001258257,0.00074709,0.00220195,0.001376219
PhoD_ASV219,0.001179616,0.001336898,0.001100975,0.000511167,0.000393205,0.000983014,0.000314564,0.00145486,0.000904372,0.00145486,0.002949041,0.001140296
PhoD_ASV270,0.00070777,0.001690783,0.00074709,0.000629129,0.00220195,0.00074709,0.001572822,0.001100975,0.001966027,0.000786411,0.000668449,0.001179616
PhoD_ASV142,0.001730104,0.000786411,0.001415539,0.000943693,0.000668449,0.001218937,0.001022334,0.000825731,0.000511167,0.000353885,0.001572822,0.001494181
PhoD_ASV583,0.000314564,0.000393205,0,0.005622837,0.002673797,0,0.00145486,0,0,0,0,0.005033029
PhoD_ASV225,0.001140296,0.002083989,0.000550488,0.000825731,0.000668449,0.000589808,0.000865052,0.001415539,0.001494181,0.001966027,0.001336898,0.00070777
PhoD_ASV401,0.000550488,0.001415539,0.001612142,0.001061655,0.00070777,0.00216263,0.001297578,0,0.001376219,0.001140296,0.001218937,0.001061655
PhoD_ASV478,0.000471846,0,0.004010695,0,0.000904372,0.001612142,0.001336898,0.000865052,0.00074709,0.00074709,0.002673797,0.00074709
PhoD_ASV230,0.000904372,0.000825731,0.001494181,0.00220195,0.001022334,0.000983014,0.001100975,0.001297578,0.00145486,0.000865052,0.000943693,0.000275244
PhoD_ASV162,0.00145486,0.001808745,0.001415539,0.002005348,0.001651463,0.001336898,0.000550488,0,0.001769424,0,0,0.001100975
PhoD_ASV175,0.00145486,0.00074709,0.001100975,0.00145486,0.00074709,0.001690783,0.001140296,0.00074709,0.002123309,0.000314564,0.000314564,0.000943693
PhoD_ASV386,0.000668449,0.001140296,0.002555835,0.00216263,0,0.001022334,0.001612142,0.000943693,0.00070777,0.00070777,0.00070777,0.001926707
PhoD_ASV154,0.001651463,0.001022334,0.001179616,0.001572822,0.000904372,0.001022334,0.000865052,0.000983014,0.000865052,0.000668449,0.000983014,0.000943693
PhoD_ASV290,0.000943693,0.001848065,0.001376219,0.000983014,0.001100975,0.000983014,0.000314564,0.001376219,0.000943693,0.001376219,0.001572822,0.000511167
PhoD_ASV228,0.001218937,0.00432526,0.001022334,0.001572822,0.000668449,0.000904372,0.000511167,0.001061655,0,0.000668449,0.000393205,0.000589808
PhoD_ASV223,0.000983014,0.000904372,0.00070777,0.001258257,0.001376219,0.001336898,0.001258257,0.001179616,0,0.002673797,0,0.000786411
PhoD_ASV2404,0,0.000668449,0,0,0.00074709,0,0.001572822,0.001808745,0.001730104,0.001769424,0.003145643,0.000825731
PhoD_ASV320,0.000865052,0.001100975,0.000314564,0.000865052,0.000629129,0.001533501,0.000983014,0.001376219,0.00145486,0.001179616,0.001336898,0.000904372
PhoD_ASV195,0.001022334,0.000629129,0.000786411,0.001100975,0.000629129,0.000943693,0.000904372,0.000983014,0.001100975,0.001966027,0.000235923,0.001297578
PhoD_ASV246,0.000904372,0.001376219,0.000865052,0.000511167,0.001533501,0.001179616,0.000511167,0.001415539,0.001061655,0.001061655,0.00074709,0.00074709
PhoD_ASV171,0.001179616,0.000943693,0.001179616,0.000589808,0.001415539,0.00145486,0.001022334,0.000943693,0.00074709,0.001100975,0.000550488,0.000511167
PhoD_ASV3220,0,0,0.001808745,0.001690783,0,0.001336898,0.001966027,0.001926707,0,0.002477194,0,0.002319912
PhoD_ASV240,0.00145486,0.000786411,0.001966027,0.000943693,0,0.001730104,0.001218937,0.001730104,0,0,0.001258257,0.000550488
PhoD_ASV220,0.000943693,0.001966027,0.000904372,0.000511167,0,0,0.000471846,0.004050016,0.000786411,0.000589808,0.001376219,0.000511167
PhoD_ASV3230,0,0,0.001100975,0.002044668,0.002516515,0.001022334,0.000589808,0.000668449,0.001651463,0.001100975,0.000471846,0.002044668
PhoD_ASV519,0.000511167,0.001336898,0.000943693,0.000511167,0.00070777,0.001140296,0.001808745,0.001140296,0.000943693,0.000825731,0.001258257,0.000865052
PhoD_ASV226,0.001022334,0.000825731,0.00070777,0.000668449,0.001494181,0.001494181,0.001179616,0.000904372,0.000668449,0.001494181,0.000589808,0.000786411
PhoD_ASV263,0.000904372,0.00070777,0.001415539,0.001258257,0.001297578,0.001218937,0.000668449,0,0.000865052,0.00074709,0.001376219,0.000629129
PhoD_ASV297,0.000904372,0.000668449,0.000550488,0.00074709,0.000196603,0.000904372,0.001415539,0.001494181,0.001336898,0.001022334,0.001258257,0.001297578
PhoD_ASV168,0.001612142,0.000865052,0.000432526,0.001179616,0.000589808,0.001297578,0.000432526,0.000786411,0.000943693,0.001808745,0.000550488,0.000668449
PhoD_ASV261,0.000943693,0,0.001179616,0.002949041,0.002241271,0.002437874,0,0,0,0,0,0.002044668
PhoD_ASV415,0.000471846,0.000432526,0.000196603,0.002398553,0.001730104,0.00070777,0.000904372,0.000943693,0.000511167,0.000904372,0.000393205,0.001769424
PhoD_ASV1114,0.000157282,0.000432526,0.000471846,0.000943693,0.000314564,0.00070777,0.001140296,0.001376219,0.002005348,0.001061655,0.001612142,0.001887386
PhoD_ASV210,0.000511167,0.000353885,0.001022334,0.000865052,0.000393205,0.000825731,0.00074709,0.001572822,0.00074709,0.000983014,0.000825731,0.000786411
PhoD_ASV121,0.002005348,0.001140296,0.001730104,0.001336898,0,0,0.001376219,0,0,0.00145486,0,0.001218937
PhoD_ASV242,0.000983014,0.000943693,0.001258257,0.001494181,0,0.00070777,0.001376219,0.000235923,0.000668449,0.000471846,0.001494181,0.001218937
PhoD_ASV188,0.001022334,0.001376219,0.000865052,0.000983014,0.000825731,0.001297578,0.000511167,0.000668449,0.00074709,0.00074709,0.00074709,0.000786411
PhoD_ASV302,0.000786411,0.001061655,0.001022334,0.000471846,0.001100975,0.001730104,0.001533501,0.000668449,0.000550488,0.001061655,0.000471846,0.000943693
PhoD_ASV273,0.000943693,0.001730104,0.000904372,0.000471846,0.00216263,0.001140296,0.000393205,0.001100975,0.000668449,0.000432526,0.000235923,0.00070777
PhoD_ASV239,0.001297578,0.000865052,0.001100975,0.001376219,0,0.001297578,0.000550488,0.001258257,0.001022334,0.001100975,0.001061655,0
PhoD_ASV333,0.000393205,0.000786411,0.001218937,0.001612142,0.001258257,0.000550488,0.00074709,0.001494181,0,0.001179616,0.000668449,0.000943693
PhoD_ASV701,0.000314564,0.000629129,0.000157282,0.000629129,0.000393205,0.000589808,0.000865052,0.001572822,0.001651463,0.002555835,0.001533501,0.000983014
PhoD_ASV355,0.000825731,0.000393205,0.000825731,0.000983014,0.000865052,0.000865052,0.001100975,0.001494181,0.000983014,0.00074709,0.001061655,0.000550488
PhoD_ASV475,0.000393205,0,0.000511167,0.000668449,0.001336898,0.000668449,0.001179616,0.001258257,0.001179616,0.001218937,0.001651463,0.001140296
PhoD_ASV4085,0,0,0.001022334,0.001336898,0,0,0,0.002280591,0.002359232,0.003499528,0.000983014,0
PhoD_ASV498,0.000550488,0.000511167,0.001140296,0.000668449,0.001179616,0.001061655,0.001022334,0.001022334,0.000825731,0.000668449,0.000904372,0.000511167
PhoD_ASV202,0.001258257,0.001336898,0.000589808,0.001140296,0.000393205,0.001140296,0.000275244,0.00070777,0.000983014,0.000471846,0.000865052,0.000589808
PhoD_ASV249,0.000550488,0.000904372,0.000904372,0.001022334,0.001258257,0,0.000235923,0.001218937,0.001218937,0.00145486,0.000314564,0.000471846
PhoD_ASV184,0.001258257,0.001022334,0.001061655,0.001022334,0.00070777,0.001022334,0,0.001258257,0.001376219,0,0.000629129,0.000196603
PhoD_ASV152,0.001297578,0,0.00145486,0.001887386,0.002398553,0,0,0,0,0,0,0.001730104
PhoD_ASV329,0.000904372,0.001926707,0,0.00145486,0,0,0.001022334,0.001651463,0.000511167,0.00074709,0.001061655,0.000550488
PhoD_ASV314,0.000825731,0,0.00074709,0.000865052,0,0.000943693,0.000825731,0.001258257,0.001297578,0.000904372,0.001179616,0.000668449
PhoD_ASV232,0.001258257,0,0.000786411,0.001258257,0.000786411,0.00074709,0.00145486,0.000904372,0,0.001533501,0.000629129,0.000393205
PhoD_ASV643,0.000235923,0.000432526,0.000314564,0.001533501,0.000275244,0.000353885,0.001179616,0.000471846,0,0.002595156,0.000629129,0.002083989
PhoD_ASV254,0.000865052,0.000432526,0.000943693,0.001258257,0.001376219,0.001061655,0.000668449,0,0.000511167,0.000943693,0.000668449,0.00074709
PhoD_ASV312,0.000825731,0.003302925,0,0.001100975,0.001690783,0.001140296,0,0,0,0.00074709,0,0.000865052
PhoD_ASV272,0.000904372,0.00070777,0.00074709,0.001100975,0.000629129,0.000786411,0.000432526,0.000943693,0.001651463,0.000668449,0.000550488,0.000668449
PhoD_ASV209,0.001022334,0.000943693,0.001061655,0.000668449,0.001612142,0,0,0,0.001415539,0.001022334,0.001061655,0
PhoD_ASV181,0.001140296,0,0.001179616,0.001336898,0.001297578,0,0.000550488,0.001061655,0,0.001336898,0.000865052,0
PhoD_ASV476,0.000471846,0.002280591,0.001140296,0,0,0,0,0.001887386,0.001061655,0.001218937,0,0.001887386
PhoD_ASV2429,0,0.000550488,0.000589808,0,0,0.001179616,0,0,0,0,0,0.007431582
PhoD_ASV376,0.000393205,0.001179616,0.00070777,0,0.000629129,0.000589808,0.001336898,0,0.000943693,0.002437874,0.000471846,0.000983014
PhoD_ASV278,0.00074709,0.00290972,0,0,0.001730104,0,0,0,0,0,0.001926707,0.001572822
PhoD_ASV350,0.00070777,0.001140296,0.000629129,0.001140296,0.000904372,0.000943693,0.000786411,0.000432526,0.000983014,0.000393205,0.000668449,0.000393205
PhoD_ASV267,0.001140296,0.000786411,0.001022334,0.001022334,0,0,0.000353885,0.001651463,0.000589808,0.000825731,0.000865052,0.000865052
PhoD_ASV183,0.001336898,0.001140296,0.000943693,0,0,0.001769424,0.002398553,0,0,0,0,0.000825731
PhoD_ASV200,0.000943693,0.000865052,0.000550488,0.001179616,0.00070777,0.000393205,0,0.000432526,0.000943693,0.000589808,0.000668449,0.00074709
PhoD_ASV315,0.000668449,0.002280591,0.002044668,0.001612142,0,0.001494181,0,0,0,0.000865052,0,0
PhoD_ASV399,0.00074709,0.000865052,0.000589808,0.000786411,0.001966027,0.001336898,0.001022334,0.000314564,0,0.001179616,0.000629129,0.000235923
PhoD_ASV2391,0,0.000943693,0.001415539,0,0,0.002241271,0.000668449,0.001336898,0.000865052,0.000904372,0.001061655,0.000550488
PhoD_ASV494,0.000511167,0.001533501,0.001179616,0.000550488,0.00070777,0.001297578,0,0.000511167,0.000904372,0.000865052,0.000668449,0.000589808
PhoD_ASV569,0.000196603,0.000157282,0.000196603,0,0.000196603,0.000393205,0.001140296,0.001926707,0.001415539,0.000943693,0.000825731,0.001100975
PhoD_ASV358,0.00070777,0.001140296,0,0.001415539,0.00074709,0.000668449,0.000629129,0.00070777,0.000904372,0,0.000668449,0.001376219
PhoD_ASV166,0.001887386,0,0.00145486,0.000943693,0,0,0,0.001533501,0.001140296,0.001061655,0,0.000157282
PhoD_ASV321,0.000668449,0.000471846,0.00074709,0.000865052,0.00070777,0.001140296,0.001140296,0,0.001022334,0.000353885,0.00070777,0.000353885
PhoD_ASV4813,0,0,0,0.003302925,0.00145486,0,0,0,0,0,0,0.004443221
PhoD_ASV2387,0,0.000983014,0.001808745,0.001100975,0.001612142,0.00145486,0.001100975,0,0.000825731,0,0,0.00074709
PhoD_ASV425,0.000589808,0,0.000550488,0.000393205,0,0,0,0.00074709,0.001376219,0.001769424,0.00145486,0.000943693
PhoD_ASV158,0.001730104,0.000550488,0.000589808,0,0.000629129,0.000393205,0.000904372,0.000275244,0.000589808,0.000471846,0.001140296,0.000275244
PhoD_ASV5561,0,0,0,0,0.001926707,0,0.00145486,0,0,0.002949041,0.002398553,0
PhoD_ASV424,0.000629129,0.000825731,0.001061655,0.00074709,0,0.000904372,0.000314564,0.00074709,0.001336898,0.001100975,0.000432526,0.000432526
PhoD_ASV300,0.000825731,0.000865052,0.00074709,0,0.000786411,0.000825731,0,0.001022334,0,0.000353885,0.00070777,0.001140296
PhoD_ASV562,0.000314564,0.000943693,0.004167977,0,0,0.002595156,0.000157282,0,0,0.000117962,0.000196603,7.86E-05
PhoD_ASV266,0.000865052,0,0.000904372,0,0.001258257,0,0,0.002083989,0,0,0.001100975,0.000668449
PhoD_ASV496,0.000471846,0,0.000511167,0.000353885,0.000275244,0,0.001336898,0.00070777,0.000983014,0.001179616,0.001100975,0.000786411
PhoD_ASV236,0.001376219,0.000786411,0.000865052,0.000117962,0.003263605,0,0.000314564,0,0,0.000235923,0,0.000235923
PhoD_ASV363,0.00070777,0,0.000668449,0.000865052,0,0.000589808,0.001100975,0.001218937,0,0.000786411,0.000786411,0.000668449
PhoD_ASV878,0.000235923,0.000471846,0.000786411,0.000865052,0.000825731,0.000904372,0.000865052,0.000511167,0.000589808,0.001140296,0.000314564,0.001022334
PhoD_ASV248,0.001376219,0.001336898,0.000825731,0,0.000629129,0,0.001297578,0,0.000471846,0.000550488,0.00070777,0
PhoD_ASV332,0.001022334,0.000471846,0.000393205,0.000275244,0.000904372,0.000432526,0.00074709,0.000550488,0.000550488,0.000904372,0.000432526,0.000471846
PhoD_ASV352,0.00070777,0.000825731,0.000786411,0,0.000668449,0.000904372,0.000983014,0,0.000943693,0.001808745,0,0
PhoD_ASV4080,0,0,0.001415539,0.001376219,0,0,0,0.001336898,0,0.000589808,0.002044668,0.000904372
PhoD_ASV4079,0,0,0.001612142,0,0.001258257,0,0,0,0.003342246,0,0,0.001572822
PhoD_ASV161,0.00145486,0,0.001415539,0,0.002359232,0,0,0.000196603,0.000196603,0,0.000196603,0
PhoD_ASV506,0.000353885,0.000629129,0.001179616,0.00070777,0.000550488,0.001415539,0.000589808,0.000511167,0.00070777,0.000471846,0.000353885,0.000196603
PhoD_ASV483,0.000471846,0.000786411,0.003067002,0,0.000983014,0,0.000550488,0,0,0,0.000471846,0.001061655
PhoD_ASV468,0.000589808,0.001022334,0.000786411,0.001218937,0.000865052,0,0.00070777,0.000432526,0.000904372,0.000235923,0.000432526,0.000353885
PhoD_ASV438,0.000471846,0,0,0,0,0,0.001297578,0,0.001612142,0.000393205,0.001494181,0.001651463
PhoD_ASV435,0.000511167,0.000786411,0.001100975,0.00074709,0.001061655,0,0.000825731,0.000511167,0.000550488,0.000314564,0.000589808,0.000353885
PhoD_ASV461,0.000432526,0,0.001140296,0.000393205,0,0.000668449,0,0.001140296,0.000668449,0.000550488,0.000786411,0.000904372
PhoD_ASV567,0.000432526,0.000393205,0.001179616,0.000235923,0.001376219,0.000629129,0.000786411,0.000235923,0.000629129,0.001061655,0.000511167,0.000275244
PhoD_ASV362,0.000432526,0.000589808,0.001061655,0.000393205,0.000471846,0.000432526,0.000432526,0.000865052,0.000393205,0.000511167,0.000235923,0.000432526
PhoD_ASV410,0.00074709,0,0,0.000943693,0.005504876,0,0,0.000275244,0,0,0,0
PhoD_ASV265,0.000943693,0,0.000393205,0.000904372,0.000983014,0.000786411,0,0.000432526,0,0.000668449,0.000157282,0.001061655
PhoD_ASV381,0.000511167,0.00070777,0.001651463,0.000629129,0.000550488,0.000393205,0.000275244,0.000235923,0.000786411,0.000393205,0.000353885,0.000393205
PhoD_ASV283,0.000865052,0.001061655,0.000432526,0.000393205,0.000471846,0.000943693,0.000393205,0.000196603,0.000550488,0.000432526,0.000157282,0.000393205
PhoD_ASV217,0.001336898,0.001336898,0.00074709,0.001100975,0,0.00070777,0,0.000904372,0,0,0,0
PhoD_ASV194,0.001494181,0.001179616,0,0,0.001061655,0,0,0,0,0.001179616,0.001022334,0
PhoD_ASV492,0.000432526,0.000432526,0.000550488,0.001612142,0,0.00074709,0.000511167,0,0.000825731,0.000432526,0.000983014,0.000314564
PhoD_ASV591,0.000235923,0,0,0.001061655,0.001926707,0.001022334,0.002477194,0,0,0,0.000471846,0
PhoD_ASV357,0.000629129,0.00070777,0,0.000629129,0.000786411,0.000943693,0.00070777,0,0.000589808,0.000393205,0.000393205,0.000393205
PhoD_ASV421,0.000511167,0.000432526,0.000314564,0.00074709,0.000786411,0.000589808,0.000550488,0.000432526,0.000432526,0.000393205,0.000471846,0.000589808
PhoD_ASV549,0.000393205,0,0.001179616,0,0.00216263,0.000235923,0.000786411,0.001140296,0,0.000589808,0.000511167,0.000235923
PhoD_ASV508,0.000471846,0.000393205,0.000825731,0.001100975,0.000589808,0.000432526,0.000393205,0.000157282,0.000393205,0.001100975,0.000589808,0.000275244
PhoD_ASV349,0.000471846,0.000550488,0.000314564,0.000314564,0.000943693,0.000589808,0.000235923,0.00070777,0.000353885,0.00074709,7.86E-05,0.000904372
PhoD_ASV191,0.001533501,0,0,0,0,0.000865052,0,0.001690783,0,0.001022334,0.000668449,0
PhoD_ASV408,0.000511167,0.000983014,0.001336898,0.001100975,0.000589808,0,0.000550488,0.000865052,0,0,0,0.000511167
PhoD_ASV755,0.000235923,0,0.000314564,0.000865052,0.001100975,0.001061655,0.000275244,0.000235923,0.000353885,0.000904372,0.00074709,0.00070777
PhoD_ASV584,0.000275244,0.000235923,0.000589808,0,0.001022334,0.000471846,0.000550488,0,0.00074709,0.001415539,0.00074709,0.000353885
PhoD_ASV215,0.000943693,0.000314564,0.000825731,0,0.000865052,0,0.000511167,0.000511167,0.000511167,0.000353885,0,0.000235923
PhoD_ASV335,0.000786411,0.000550488,0.000550488,0.000393205,0,0.000471846,0.00074709,0.000511167,0,0.001061655,0.000471846,0.000786411
PhoD_ASV919,0.000314564,0.000550488,0.000589808,0.000157282,0,0.000668449,0.000865052,0,0.000471846,0.000865052,0.001140296,0.000825731
PhoD_ASV229,0.000904372,0.000943693,0,0.000314564,0.000157282,0.000589808,0,0.000943693,0.000314564,0,0.000589808,0
PhoD_ASV3242,0,0,0,0.000432526,0,0.00070777,0,0.002516515,0,0,0.002005348,0.000904372
PhoD_ASV455,0.000471846,0.000629129,0.001376219,0.00074709,0.000825731,0.000432526,0,0.001022334,0,0,0.000550488,0.000275244
PhoD_ASV596,0.000196603,0.000393205,0.000511167,0.000353885,0,0.000393205,0.000550488,0.000471846,0.000825731,0.000825731,0.000432526,0.000904372
PhoD_ASV306,0.000825731,0,0.000629129,0.00074709,0,0.000471846,0.00074709,0,0.001808745,0,0.000589808,0
PhoD_ASV411,0.000825731,0.000904372,0.000668449,0.000314564,0.001140296,0.000629129,0.000196603,0,0,0.000196603,0.000629129,0.000668449
PhoD_ASV393,0.000550488,0.000865052,0,0.000432526,0.000668449,0.000550488,0,0,0,0,0.001966027,0.000471846
PhoD_ASV568,0.000314564,0.000275244,0,0.000983014,0.000550488,0.001336898,0.000275244,0.000471846,0.000825731,0.00070777,0.000629129,0
PhoD_ASV4816,0,0,0,0.001730104,0.001336898,0,0.000943693,0,0.000432526,0,0,0.002359232
PhoD_ASV769,0.000432526,0.000786411,0.003106323,0,0,0.001376219,0,0.001415539,0,0,0,0
PhoD_ASV247,0.001100975,0.000511167,0,0,0.000157282,0,0.000471846,0.000314564,0,0,0.00070777,0.001297578
PhoD_ASV747,0.000196603,0.00070777,0.000786411,0,0.000668449,0.001808745,0.000353885,0.001179616,0,0,0,0.000629129
PhoD_ASV510,0.000235923,0.000668449,0,0.000393205,0.000353885,0.000196603,0.000471846,0.000629129,0.001061655,0.000550488,0.000314564,0.000629129
PhoD_ASV389,0.000668449,0.000471846,0.000629129,0,0,0.000550488,0.000629129,0.00070777,0.00074709,0.000353885,0.000353885,0.000393205
PhoD_ASV235,0.001218937,0,0.000786411,0.000865052,0.000983014,0,0.000629129,0,0,0.000786411,0,0
PhoD_ASV2379,0,0.001572822,0.001100975,0,0.000471846,0.000629129,0,0,0,0.000314564,0.000825731,0.001415539
PhoD_ASV676,0.000196603,0.000314564,0.000511167,0.000196603,0.003892734,0,0.000157282,0.000196603,0,0.000196603,3.93E-05,0.000196603
PhoD_ASV448,0.000471846,0,0,0,0.004050016,0,0,0,0,0,0.000629129,0
PhoD_ASV608,0.000393205,0.000983014,0.000393205,0.000589808,0.000511167,0.000589808,0.000432526,0.000432526,0.00074709,0.000157282,0.00074709,0.000196603
PhoD_ASV563,0.000353885,0,0.000432526,0.000471846,0.000825731,0.000550488,0.000432526,0.000393205,0.000432526,0,0.000589808,0.000668449
PhoD_ASV539,0.000314564,0.000471846,0.000393205,0.000117962,0.000275244,0.001297578,0.000825731,0.000589808,0.000157282,0.000393205,0.000196603,0.000511167
PhoD_ASV431,0.000550488,0.000314564,0.000668449,0.000550488,0.001690783,0.000943693,0,0,0,0,0.000432526,0.000235923
PhoD_ASV380,0.000511167,0.000275244,0.000550488,0.000314564,0.000235923,0.00074709,0.000432526,0.00070777,0.000511167,0.000393205,0.000314564,0
PhoD_ASV685,0.000393205,0.00074709,0,0,0.000511167,0.000943693,0,7.86E-05,0,0.00216263,0.000157282,0.000629129
PhoD_ASV450,0.000432526,0.000432526,0,0.000432526,0,0.000629129,0.00070777,0.000393205,0.001022334,0.000904372,0,0.000432526
PhoD_ASV334,0.000668449,0.000353885,0.001022334,0.000786411,0.000353885,0,0.000393205,0.000825731,0,0.000511167,0,0.000314564
PhoD_ASV233,0.001100975,0,0.000471846,0.000432526,0,0,0,0.000589808,0.000275244,0.000275244,0.000393205,0.000471846
PhoD_ASV378,0.000511167,0.000196603,0.000550488,0.000157282,0.000235923,0.000943693,0.000353885,0.000668449,0.000629129,7.86E-05,0.000117962,0.000511167
PhoD_ASV505,0.000432526,0.000550488,0.000668449,0.000432526,0.000275244,0.000353885,0.000589808,0.000629129,0.000511167,0.000196603,0.000275244,0.000353885
PhoD_ASV366,0.00070777,0,0,0.00070777,0.000943693,0,0.000629129,0.000589808,0,0,0.000786411,0.000432526
PhoD_ASV481,0.000511167,0.00074709,0,0,0.000865052,0,0,0.000825731,0,0,0.001061655,0.000393205
PhoD_ASV285,0.000983014,0.000983014,0,0.001179616,0.001376219,0,0.000471846,0,0,0,0,0
PhoD_ASV4078,0,0,0.001494181,0.001494181,0,0,0,0,0,0,0.001258257,0.001179616
PhoD_ASV253,0.001179616,0.001494181,0.000825731,0.00070777,0,0,0,0,0,0,0,0
PhoD_ASV397,0.00070777,0.000471846,7.86E-05,0.000275244,0.000393205,0.000393205,0.000157282,0.000786411,0.000786411,0.000432526,0,0.000393205
PhoD_ASV631,0.000393205,0,0,0,0,0,0.000904372,0.00074709,0.000668449,0.00074709,0.000786411,0.000865052
PhoD_ASV348,0.00074709,0.000353885,0.000471846,0.000235923,0.000589808,0.000432526,0,0.000393205,0.000550488,0.000275244,0.000314564,0.000314564
PhoD_ASV754,0.000275244,0,0.000196603,0.000196603,0.000865052,0,0,7.86E-05,0.000550488,0.000235923,0.000157282,0.002437874
PhoD_ASV493,0.000393205,0.000393205,0,0.000825731,0.000825731,0.000825731,0,0.000157282,0,0,0.001022334,0.000235923
PhoD_ASV808,0.000235923,0.000511167,0,0.00070777,0,0,0.000314564,0.000314564,0.000393205,7.86E-05,0.000275244,0.00220195
PhoD_ASV522,0.000353885,0.000314564,0.000825731,0.000275244,0.000353885,0,0.000471846,0.000943693,0.000275244,0.000117962,0.000589808,0.000511167
PhoD_ASV527,0.000393205,0,0.00070777,0,0.000786411,0.000550488,0.00074709,0.000393205,0.000668449,0.000786411,0,0
PhoD_ASV361,0.000511167,0.000196603,0.000275244,0.000668449,0.000196603,0.000589808,0.000235923,0.000196603,0.000668449,0.000196603,0.000314564,0.000275244
PhoD_ASV440,0.000471846,0,0,0.002634476,0,0,0,0.002044668,0,0,0,0
PhoD_ASV873,0.000196603,0,0.00074709,0,0.002752438,0.000825731,0,0,0.000275244,0.000314564,0,0.000275244
PhoD_ASV834,0.000353885,0,0,0.000550488,0.003145643,0,0,0.001336898,0,0,0,0
PhoD_ASV718,0.000314564,0.000629129,0.000629129,0,0.000314564,0.000865052,0.001336898,0.000235923,7.86E-05,0.000511167,0.000353885,0
PhoD_ASV369,0.000550488,0.000353885,0,0.000393205,0.000235923,0.000471846,0.000550488,0.000668449,0.000235923,0.000275244,0.000511167,0.000275244
PhoD_ASV594,0.000235923,0.000511167,0.000589808,0.000393205,0.000471846,0,0.001100975,0,0.000353885,0,0.000511167,0.000471846
PhoD_ASV1250,3.93E-05,0.000629129,0.000196603,0.000196603,0,0.000196603,0.00074709,0.000589808,0.000943693,0.000589808,0.000589808,0.000393205
PhoD_ASV456,0.000471846,0.000865052,0,0.000196603,0.000471846,0.00070777,0,0.000471846,0.000589808,0.00070777,0.000196603,0.000157282
PhoD_ASV295,0.000668449,0,0.000825731,0.000235923,0.000275244,0.000353885,0.000983014,0.000235923,0,0.000432526,3.93E-05,0.000275244
PhoD_ASV547,0.000353885,0.000432526,0.000668449,0.000668449,0,0.001022334,0,0,0.000865052,0,0.000353885,0.000432526
PhoD_ASV866,0.000196603,0.000629129,0.000589808,0.000432526,0.000668449,0.000393205,0.000353885,7.86E-05,0.000668449,0.000511167,0.000471846,0.000353885
PhoD_ASV610,0.000471846,0.000511167,0.000629129,0.00070777,0.000786411,0,0.000235923,0.000353885,0,0.00070777,0.000275244,0.000275244
PhoD_ASV365,0.00074709,0.000353885,0,0.000668449,0.000393205,0.000550488,0.000589808,0.000393205,0.000550488,0.000235923,0,0
PhoD_ASV711,0.000196603,0.000629129,0,0.000393205,0.000629129,0.000432526,0.000432526,0.000550488,0.000235923,0.000786411,0.000393205,7.86E-05
PhoD_ASV341,0.00070777,0.000393205,0.000432526,0,0.000668449,0,0.000786411,0.001140296,0,0,0.000196603,0
PhoD_ASV548,0.000471846,0.000471846,0.000629129,0.000865052,0.000550488,0.000275244,0,0.000353885,0.000353885,0.000314564,0.000157282,0.000471846
PhoD_ASV609,0.000235923,0,0,0.00074709,0.000550488,0,0.000629129,0,0.000432526,0.000471846,0.00074709,0.000353885
PhoD_ASV2384,0,0.000983014,0.001376219,0.001100975,0,0,0,0,0,0.001022334,0.000511167,0
PhoD_ASV882,0.000235923,0.000471846,0.000511167,0.000589808,0.000550488,0.000275244,0.000235923,0,0.000235923,0.000629129,0.001022334,0.000117962
PhoD_ASV413,0.000511167,0.000471846,0.000550488,0.000471846,0.000432526,0,0,0.00070777,0,0.000393205,0.000157282,0.000353885
PhoD_ASV303,0.00070777,0.002555835,0,0,0,0.000865052,0,0,0,0,0,0
PhoD_ASV418,0.000511167,0,0,0,0,0,0.000943693,0,0.001612142,0,0.000983014,0
PhoD_ASV5560,0,0,0,0,0.001848065,0,0.00070777,0.001336898,0,0,0.001140296,0
PhoD_ASV383,0.000550488,0,0,0,0,0.001179616,0,0,0.001808745,0,0,0.000471846
PhoD_ASV243,0.001022334,0,0,0.001572822,0.000865052,0,0,0,0,0,0,0
PhoD_ASV595,0.000511167,0,0.000550488,0.000432526,0.000432526,0.000196603,0.000393205,0.000904372,0.000393205,0.000353885,0.000471846,3.93E-05
PhoD_ASV442,0.000629129,0,0,0,0,0.001022334,0.00070777,0,0.001100975,0,0.000471846,0
PhoD_ASV603,0.000353885,0,0,0,0.000511167,0.000314564,0.000471846,0,0.000471846,0.001140296,0.000471846,0.000393205
PhoD_ASV533,0.000393205,0,0,0.000393205,0,0,0,0,0.000943693,0,0.001494181,0.000629129
PhoD_ASV556,0.000353885,0.000314564,7.86E-05,0.000235923,0.000511167,0.000393205,0.000235923,0.000432526,0.000275244,0,0.00074709,0.000196603
PhoD_ASV1025,0.000157282,0.00074709,0.000668449,0.000432526,0.000550488,0.000629129,0.000196603,0,0.000432526,0.000471846,0.000196603,0.000393205
PhoD_ASV343,0.00070777,0,0,0,0.001022334,0,0.001061655,0.000904372,0,0,0,0
PhoD_ASV2419,0,0.000668449,0.001297578,0,7.86E-05,0.00070777,0.000196603,0,0,0.000157282,0,0.000983014
PhoD_ASV716,0.000275244,0,0,0.000117962,0.002555835,0,0,0,0.000117962,0.001297578,0,0
PhoD_ASV204,0.001336898,0.000393205,0,0.000393205,0,0.000432526,0,0,0,0,0,0.000471846
PhoD_ASV679,0.000196603,0,0,7.86E-05,0.000314564,0.000471846,0.000550488,0.00070777,0.000275244,0.000314564,0.000511167,0.000589808
PhoD_ASV600,0.000432526,0.000471846,0.000196603,0.000983014,0.000629129,0.000629129,0,0,0.000668449,0.000117962,0,0.000353885
PhoD_ASV274,0.000904372,0,0.000825731,0,0.000668449,0,0,0,0,0.000511167,0.000511167,0
PhoD_ASV429,0.000314564,0.000353885,0,0,0,0,0.000904372,0.000393205,0.000432526,0.000157282,0.001022334,0
PhoD_ASV536,0.000432526,0,0,0.000589808,0,0,0,0,0.000589808,0,0.001494181,0.000511167
PhoD_ASV803,0.000275244,0.000235923,0.000629129,0.000943693,0.000275244,0.000353885,0,0.000393205,0,0.000196603,0.000235923,0.000550488
PhoD_ASV269,0.000825731,0.001061655,0,0,0.001376219,0,0,0,0,0,0,0
PhoD_ASV351,0.000629129,0,0.000550488,0,0.000196603,0,0.000589808,0.000471846,0.000668449,0,0,0.000353885
PhoD_ASV1236,0.000196603,0.000196603,0,0.000668449,0.000196603,0,0.001022334,0,0,0.000668449,0.000786411,0.000314564
PhoD_ASV675,0.000196603,0,0,0,0,0,0.001179616,0,0,0.001140296,0.000786411,0.00074709
PhoD_ASV3250,0,0,0,0,0,0.00070777,0,0.001258257,0.00074709,0.000904372,0.000589808,0
PhoD_ASV757,0.000157282,0,0.000589808,0.000511167,0,0,0.000668449,0.000275244,0.000511167,0,0.000629129,0.000393205
PhoD_ASV906,0.000117962,0.000432526,0.000511167,0,0.000589808,0.000314564,0,0.000353885,0.000314564,0.001061655,0.000235923,0.000275244
PhoD_ASV416,0.000629129,0.001730104,0,0,0,0.000471846,0,0.00070777,0,0,0,0
PhoD_ASV490,0.000314564,0.000471846,0,0.000550488,0.000353885,0.000275244,0.000196603,0.000471846,0.000471846,0.000314564,0,0.000117962
PhoD_ASV439,0.00070777,0.000589808,0,0,0,0.001100975,0,0,0,0.000629129,0.00074709,0
PhoD_ASV815,0.000235923,0,0,0.000432526,0,0.001179616,0.000393205,0.000275244,0,0,0.00070777,0.000511167
PhoD_ASV558,0.000393205,0,0.000117962,0.000314564,0.000353885,0.000471846,0.000157282,0.000275244,0.000550488,0.000865052,0.000196603,0.000235923
PhoD_ASV633,0.000314564,0.000589808,0.000157282,0.000353885,0.000393205,0.000629129,0.000353885,0.000432526,0,0.000275244,0.000196603,0.000275244
PhoD_ASV434,0.000511167,0,0.001022334,0,0,0,0.000550488,0.000904372,0,0,0.000235923,0.000235923
PhoD_ASV340,0.000943693,0,0,0,0.002083989,0,0,0,0.000471846,0,0,0
PhoD_ASV390,0.000511167,0,0.000353885,0,0.000511167,0.001140296,0,0,0,0,0,0.000629129
PhoD_ASV532,0.000550488,0.000196603,0,0.000275244,0,0,0.000393205,0.000511167,0,0,0.001140296,0.000393205
PhoD_ASV670,0.000196603,0,0,0,0.000629129,0,0,0.000353885,0,0.000825731,0.001376219,0
PhoD_ASV2434,0,0.000432526,0,0,0.000471846,0.000275244,0.000589808,0.000393205,0.000314564,0.000157282,0.000825731,0.000511167
PhoD_ASV943,0.000157282,0.000275244,0.000314564,0.000865052,0.000353885,0.000314564,0.000157282,0.000235923,0.000196603,0.000629129,0.000471846,0
PhoD_ASV407,0.000629129,0.000589808,0,0,0.000393205,0.000550488,0,0.000668449,0.000314564,0,0,0.000314564
PhoD_ASV384,0.000432526,0.000353885,0.000157282,3.93E-05,0.000550488,0.000275244,0.000117962,0.000589808,0,0.000314564,0.000196603,0.000157282
PhoD_ASV721,0.000353885,0,0.000668449,0,0,0,0.00070777,0.000353885,0,0.000825731,0.00074709,0
PhoD_ASV543,0.000314564,0,0,0.001179616,0.000825731,0,0,0,0,0.001061655,0,0
PhoD_ASV2756,0,0.000157282,0,0,0,0,0,0,0,0.000117962,0.002831079,0
PhoD_ASV921,7.86E-05,0.000353885,0.000471846,0.000314564,0,0,0.000511167,0,0.000393205,0,0.000589808,0.000668449
PhoD_ASV589,0.000432526,0.000471846,0,0.000904372,0,0,0.000943693,0,0,0,0,0.000786411
PhoD_ASV577,0.000432526,0.000668449,0.000786411,0.000314564,0.000511167,0.000589808,0,0,0,0.000157282,0.000117962,0
PhoD_ASV917,0.000157282,0,0.000904372,0,0.000786411,0.001061655,0.000196603,0,0.000275244,0,0.000196603,0
PhoD_ASV326,0.000786411,0,0,0.000275244,0.000825731,0.000550488,0.000196603,0,0.000235923,0,0.000275244,0
PhoD_ASV395,0.000825731,0.000235923,0,0,0.000550488,0.00070777,0,0.000314564,0.000353885,3.93E-05,0,0.000275244
PhoD_ASV4092,0,0,0.000943693,0.002044668,0,0,0,0,0,0.000471846,0.000393205,0
PhoD_ASV405,0.000511167,0,0.000196603,0,0.000904372,0.000353885,0,0.00070777,0,0,0.000393205,0
PhoD_ASV813,0.000275244,0.000235923,0.000353885,0.000432526,0.000393205,0,0.000511167,0.000275244,0.000589808,0,0.000393205,0
PhoD_ASV565,0.000511167,0,0.000117962,0,0.000550488,0.000629129,7.86E-05,0.00074709,0.000196603,0.000511167,0,0.000275244
PhoD_ASV4866,0,0,0,0.00290972,0.000235923,0,0.000511167,0,0,0,0,0.000393205
PhoD_ASV781,0.000275244,0.000471846,0,0,0,0,0.000393205,0.00070777,0.000629129,0,0.000550488,0.000393205
PhoD_ASV974,0.000117962,0,0.000196603,0.000275244,0,0.000275244,0.000157282,0.000589808,0.000550488,0.000865052,3.93E-05,0.000393205
PhoD_ASV2413,0,0.00074709,0.001140296,0.000983014,0,0.001022334,0,0,0,0,0,0
PhoD_ASV530,0.000393205,0,0,0.000983014,0,0,0.000589808,0.000471846,0,0,7.86E-05,0.000589808
PhoD_ASV1332,7.86E-05,0.000668449,0.000668449,0,0.000235923,0,0,0.000314564,0.000314564,0,0,0.000983014
PhoD_ASV3231,0,0,0,0.002437874,0,0.000943693,0,0,0,0.000668449,0,0
PhoD_ASV3223,0,0,0.000668449,0,0,0.001061655,0.00074709,0.000393205,0,0,0,0.000786411
PhoD_ASV2395,0,0.000825731,0,0.00070777,0,0.00074709,0.000589808,0.000235923,0,0.00070777,0,0
PhoD_ASV644,0.000235923,0.000196603,0.000275244,0.00074709,0,0.000314564,0.000196603,0.000157282,0.000353885,0.000275244,0.000196603,0.000157282
PhoD_ASV749,0.000157282,0.000235923,0.000393205,0.000275244,0.000825731,0.000196603,0.000235923,0,0.000393205,0,0,0.000314564
PhoD_ASV612,0.000314564,0.000511167,0.000393205,0.000668449,0.000157282,0,0.000275244,0.000393205,0.000353885,0,0,0
PhoD_ASV669,0.000353885,0.000786411,0,0,0,0,0,0,0,0.001572822,0,0.000314564
PhoD_ASV766,0.000314564,0.000353885,0.00074709,0,0.000432526,0.000511167,0,0.000432526,0,0.000275244,0,0
PhoD_ASV4821,0,0,0,0.000865052,0.00074709,0,0,0.000511167,0,0,0,0.000983014
PhoD_ASV4199,0,0,0.000235923,0,0.00074709,0,0,0,0.000471846,0,0,0.001572822
PhoD_ASV2428,0,0.000629129,0.000629129,0.000511167,0,0,0.000275244,0,0,0,0.000589808,0.000589808
PhoD_ASV4093,0,0,0.00070777,0.000589808,0,0,0.001258257,0,0,0.000865052,0,0
PhoD_ASV2477,0,0.000393205,0,0,0,0.000393205,0.000471846,0.001022334,0.000235923,0.000353885,0.000314564,0
s__VTX00444,0.013023415,0.003349855,0.005674244,0.000102547,0.091642454,0.079849598,0.006768074,0.014322338,0.02293625,0.008237908,0.0049906,0.109759016
s__VTX00350,0,0.001640745,0,0,0,0.001367288,0.000341822,0,0,0.002085114,0,0
s__VTX00308,0.710271748,0.48220817,0.271235686,0.03260981,0.296701419,0.317176551,0.535361477,0.461801401,0.12449154,0.702854213,0.344009571,0.231550162
s__VTX00281,0.007041531,0.007930268,0.005229875,0.000170911,0.006221159,0.010425568,0.002426936,0.011416852,0.001538199,0.002221842,0.004512049,0.010562297
s__VTX00238,0.011895402,0.004785507,0.066655273,0.00109383,0.009263374,0.004853871,0.0024953,0.010733208,0.00030764,0.00420441,0.004512049,0.011621945
s__VTX00163,0.00030764,0.000649462,0,0,0.022731157,0,0,0,0,0,0,0
s__VTX00051,0.000239275,0.016133994,0,6.84E-05,0.001059648,0.146436507,0.001230559,0.025910101,0.000273458,0.002256025,0.000273458,0.00030764
s__VTX00009,0,0,0,0,0.000239275,0.024679542,0,0,0,0.001367288,0,0
s__VTX00008,0,0,0,0,0,0,0.032062895,0.010425568,0,0,0.000170911,0
s__VTX00005,0.256981713,0.48190053,0.651102376,0.031379251,0.571423688,0.411416852,0.416304905,0.465390532,0.046214322,0.274927363,0.640334985,0.635276021
s__VTX00004,0.000170911,0.00140147,0,0,0,0.002871304,0.001948385,0,0,0.001572381,0.001196377,0
